Test_ID,Applied_Voltage_kV,Load_Current_A,Ambient_Temperature_C,Test_Duration_min,Sensor_S1,Sensor_S2,Sensor_S3,Sensor_S4,Reference_Parameter,V_times_I,Current_sq,Voltage_sq,Current_x_Duration
TRN-0889,16.7196,93.1228,33.3421,19.9546,13.6343,15.1361,16.5062,62.9115,34.8501,1556.97596688,8671.855879839999,279.54502415999997,1858.22822488
TRN-0820,21.4477,82.523,34.4915,47.0553,15.6466,15.9849,19.3289,39.8667,30.4762,1769.9285471,6810.045528999999,460.00383529000004,3883.1445219
TRN-0411,19.2432,107.3619,29.4673,5.2763,15.108,16.6481,18.3834,44.539,46.8046,2065.9865140800002,11526.577571610002,370.3007462400001,566.47359297
TRN-0754,22.7191,69.969,26.9695,20.3051,14.9296,14.7026,18.6269,44.2673,23.7153,1589.6327079,4895.660961,516.1575048100001,1420.7275418999998
TRN-0707,13.5008,108.8999,35.5415,29.1939,12.6845,15.2455,14.6132,44.072,48.5994,1470.23576992,11859.18822001,182.27160064,3179.21279061
TRN-0140,13.4841,75.9719,25.2769,59.8003,11.3356,12.4198,13.764,49.4543,22.9154,1024.4126967900002,5771.72958961,181.82095281,4543.14241157
TRN-0881,21.5217,69.0397,30.813,17.2425,14.6484,14.5557,18.4782,54.8324,24.2957,1485.8517114899998,4766.480176089999,463.18357088999994,1190.4170272499998
TRN-0381,27.5517,31.9359,38.4775,36.8148,15.6381,13.8904,20.6009,46.5897,20.8262,879.88833603,1019.9017088100001,759.09617289,1175.71377132
TRN-0095,27.0232,98.1134,49.9673,29.2064,18.5386,19.0188,22.7145,43.2755,51.1599,2651.3380308799997,9626.23925956,730.25333824,2865.5392057599997
TRN-0135,23.8796,37.0768,27.7869,13.8211,4.7556,12.2665,17.5003,34.8471,18.4965,885.37915328,1374.6890982399998,570.23529616,512.44216048
TRN-0633,27.3166,35.2106,18.0,41.4065,15.4562,13.3195,20.1433,61.2734,18.9191,961.83387596,1239.78635236,746.19663556,1457.9477089
TRN-0138,17.7127,48.0925,30.733,23.2218,11.7089,11.4861,14.8118,65.0676,17.5449,851.8480247500001,2312.88855625,313.73974129000004,1116.7944165000001
TRN-0591,10.2728,88.373,37.5953,58.4948,10.6857,12.8873,12.4997,83.903,31.5651,907.8381544,7809.787129000001,105.53041984000001,5169.3609604
TRN-0262,30.7232,28.9017,38.9336,45.1598,17.0465,14.7144,22.609,53.4406,22.15,887.95270944,835.3082628900002,943.9150182399999,1305.19499166
TRN-0729,27.8122,59.7061,25.295,56.0876,17.8995,16.2175,22.741,53.7565,22.7879,1660.55799442,3564.81837721,773.5184688400001,3348.77185436
TRN-0307,30.2039,105.7357,25.4332,14.8461,20.5299,20.3649,25.1377,39.4088,47.2164,3193.63050923,11180.038254489999,912.27557521,1569.76277577
TRN-0091,13.8779,70.3753,33.7208,28.7584,10.7783,12.0405,12.8023,60.3125,23.2446,976.6613758699999,4952.682850089999,192.59610841,2023.88102752
TRN-0542,29.8252,29.6371,52.0927,40.8807,16.4051,14.7736,21.9869,50.5573,29.9678,883.93243492,878.35769641,889.5425550399999,1211.58539397
TRN-0937,18.9717,104.0403,31.8576,48.305,15.2581,16.7679,18.2016,48.5457,45.3832,1973.8213595099999,10824.38402409,359.92540088999993,5025.6666915
TRN-0092,22.8334,18.3011,31.7408,26.9067,12.3229,10.8597,16.5175,28.9254,17.4823,417.87633674000006,334.9302612100001,521.3641555600001,492.4222073700001
TRN-0268,31.5596,18.2128,38.845,24.4453,16.4547,13.878,22.1,70.4553,20.7222,574.78868288,331.7060838400001,996.00835216,445.21735984000003
TRN-0782,16.2048,93.1196,42.8621,12.8741,13.1151,14.8764,15.7166,32.2974,36.8118,1508.9844940799999,8671.25990416,262.59554303999994,1198.83104236
TRN-0919,22.6926,50.8001,43.6073,31.9818,14.0837,13.6443,18.1982,49.2786,21.2594,1152.78634926,2580.65016001,514.95409476,1624.67863818
TRN-0053,26.4931,101.8024,42.852,30.4912,18.56,19.2644,22.9828,68.2684,48.1264,2697.06116344,10363.72864576,701.88434761,3104.0773388800003
TRN-0408,31.1979,55.0224,21.7758,25.6304,18.3841,16.3698,23.7608,30.0802,22.1385,1716.58333296,3027.4645017599996,973.30896441,1410.24612096
TRN-0501,14.229,84.784,39.199,37.0993,11.9475,13.5096,14.4506,42.1564,30.3824,1206.391536,7188.326656000001,202.46444099999997,3145.4270512000003
TRN-0311,20.0873,84.2981,33.9545,11.1637,14.4518,15.2547,17.5092,45.2027,29.9962,1693.32122413,7106.1696636100005,403.49962128999994,941.0786989700001
TRN-0562,30.7015,55.1126,37.3272,53.9099,18.3063,16.9658,23.7367,31.425,23.8068,1692.0394889,3037.39867876,942.5821022499999,2971.11475474
TRN-0126,27.1839,35.792,32.8674,28.726,15.6886,13.7668,20.7464,46.0688,20.623,972.9661488,1281.067264,738.9644192100001,1028.160992
TRN-0676,28.9435,99.9672,33.2564,54.1579,20.242,19.9359,25.0693,38.6309,45.2288,2893.4006532000003,9993.44107584,837.72619225,5414.01362088
TRN-0360,31.1338,64.9587,39.5961,9.0647,18.6229,17.3282,24.1833,48.479,28.4009,2022.41117406,4219.632705689999,969.3135024400001,588.83112789
TRN-0367,24.0314,97.8945,45.1767,31.2893,17.3437,18.1727,21.6014,52.8876,45.131,2352.5418873,9583.33313025,577.5081859600001,3063.05037885
TRN-0405,24.6143,33.6779,42.1612,26.794,14.0177,13.065,18.7117,49.4543,20.1763,828.95793397,1134.2009484100001,605.86376449,902.3656526000001
TRN-0868,28.3339,101.6303,50.6215,7.7931,19.0319,19.8449,23.5519,54.1915,55.1412,2879.58275717,10328.717878090001,802.8098892099999,792.01509093
TRN-0020,9.4876,21.4776,37.3279,15.6388,6.1571,6.5039,8.2616,52.9346,13.5381,203.77087776,461.28730175999993,90.01455376000001,335.88389087999997
TRN-0316,22.2248,47.0868,39.5367,20.27,13.0209,12.675,16.6458,61.0745,19.7399,1046.4947126399998,2217.1667342399996,493.9417350399999,954.4494359999999
TRN-0067,30.9408,29.3598,18.0356,35.4607,16.7021,13.7519,21.9045,43.0005,19.7801,908.41569984,861.99785604,957.33310464,1041.11905986
TRN-0317,25.933,70.3816,24.6378,10.6208,16.6609,15.9391,20.9687,48.0101,24.0015,1825.2060328000002,4953.569618560001,672.520489,747.50889728
TRN-0087,17.6142,31.0902,47.58,51.1189,10.8589,10.9508,3.2181,51.1091,20.3176,547.62900084,966.60053604,310.26004164,1589.29682478
TRN-0801,11.2999,91.5588,48.8199,21.2042,10.7983,13.3691,12.9707,43.4485,39.321,1034.60528412,8383.01385744,127.68774000999998,1941.43110696
TRN-0012,30.2939,43.3171,28.5824,30.3499,17.0338,15.1496,22.2573,38.2619,21.3846,1312.24389569,1876.3711524100004,917.72037721,1314.6696532900003
TRN-0578,30.4866,60.5018,36.4074,15.0767,18.0583,16.8822,23.2278,38.5682,23.1545,1844.49417588,3660.46780324,929.43277956,912.1674880600001
TRN-0859,16.4487,20.9785,23.3935,58.5618,9.8089,8.7051,12.9031,61.0478,15.4105,345.06905294999996,440.09746225000004,270.55973169,1228.5387213
TRN-0533,17.5311,72.927,28.746,36.0802,12.6016,13.0752,16.9269,56.541,23.5153,1278.4905297,5318.347329000001,307.33946720999995,2631.2207454
TRN-0967,26.4104,30.8751,38.339,14.2777,14.5452,13.0594,19.2013,49.5647,19.7664,815.42374104,953.27180001,697.5092281599999,440.82541526999995
TRN-0788,20.1531,58.459,22.9316,43.5898,13.2875,12.8528,16.6355,61.1192,18.6948,1178.1300729,3417.454681,406.14743960999994,2548.2161182
TRN-0700,24.4753,49.2252,36.9219,22.1919,14.2996,13.6599,18.5642,60.5208,20.5104,1204.80153756,2423.12031504,599.04031009,1092.40071588
TRN-0151,25.549,19.7697,34.1753,21.4309,13.6684,11.704,18.6616,46.3824,18.466,505.0960653,390.84103809,652.751401,423.68246373000005
TRN-0236,22.9858,28.4295,35.2647,27.6778,12.9089,11.5537,17.0815,35.1347,18.4935,653.4748011,808.23647025,528.34700164,786.8660151
TRN-0130,27.9593,15.8726,33.4249,45.782,14.8659,12.4537,20.2947,51.5568,19.0968,443.78678518,251.93943076000002,781.7224564899999,726.6793732
TRN-0558,10.8607,21.0036,44.5708,31.3091,6.8793,7.0831,9.3319,47.3849,15.0884,228.11379852,441.15121295999995,117.95480448999999,657.60381276
TRN-0335,19.3366,109.2824,43.2863,42.829,15.6796,17.4192,19.0115,46.0047,53.154,2113.15005584,11942.642949759998,373.90409956,4680.4559096
TRN-0747,8.1623,16.276,27.7498,24.8249,4.8959,4.9854,6.5243,58.8781,11.9183,132.8495948,264.90817599999997,66.62314129,404.0500724
TRN-0065,29.5509,88.0838,38.0994,34.3734,19.4764,19.0039,24.1937,67.1977,37.4703,2602.95556542,7758.755822439999,873.2556908099999,3027.7396909199997
TRN-0257,30.6035,29.4846,36.2652,41.0898,16.7405,14.3861,22.2693,49.4543,21.5145,902.3319561000001,869.34163716,936.5742122500001,1211.51631708
TRN-0443,9.6318,92.6893,34.5091,30.5353,10.1782,12.5837,11.7777,64.1771,32.9683,892.7647997400001,8591.30633449,92.77157124,2830.29558229
TRN-0507,10.6681,75.8719,33.3623,5.2737,9.6188,11.4513,11.3341,67.399,23.1349,809.40901639,5756.54520961,113.80835761000002,400.12563902999995
TRN-0943,24.4524,69.9741,29.5096,22.3974,15.7061,15.1518,19.6866,30.7207,25.1708,1711.0346828400002,4896.374670810001,597.91986576,1567.2379073400002
TRN-0438,9.2579,44.797,28.7596,5.9031,6.9661,7.9532,8.5018,71.9907,13.9035,414.7261462999999,2006.7712089999998,85.70871240999999,264.4411707
TRN-0323,23.8319,94.5641,40.9548,12.1292,23.0025,17.4622,20.4693,53.8698,40.1544,2253.64217479,8942.36900881,567.9594576100001,1146.98688172
TRN-0541,29.5137,89.7528,32.8875,44.0727,19.4791,18.9202,24.4323,46.1615,36.989,2648.93721336,8055.565107839999,871.05848769,3955.6482285599996
TRN-0513,8.5988,18.8074,39.8048,25.8064,5.467,6.0593,7.4333,30.0082,13.1153,161.72107112000003,353.71829476000005,73.93936144000001,485.35128736
TRN-0830,29.6897,109.4003,33.5982,31.3241,20.6293,20.8849,25.3653,48.7288,53.7412,3248.06208691,11968.42564009,881.4782860899999,3426.8659372300003
TRN-0124,28.7059,44.4546,28.3929,31.8519,16.5947,25.0,21.7478,58.4106,20.567,1276.10930214,1976.21146116,824.0286948099999,1415.96347374
TRN-0434,18.3304,91.2825,54.8353,42.0785,14.206,15.9913,17.3458,49.4543,51.9073,1673.244738,8332.49480625,336.00356416000005,3841.03067625
TRN-0742,31.1274,41.4679,25.8498,14.7618,17.5962,15.2001,23.0903,49.2011,21.1804,1290.7879104600001,1719.58673041,968.9150307600001,612.14084622
TRN-0351,8.8242,109.9343,21.3625,17.1093,10.3528,12.9679,11.602,47.0632,43.8924,970.0822500599999,12085.550316489998,77.86650563999999,1880.89891899
TRN-0736,29.5104,28.1679,36.3961,51.5832,16.1474,13.8079,21.6011,49.2212,20.9866,831.24599616,793.4305904099999,870.86370816,1452.99041928
TRN-0518,30.191,68.5258,29.2458,38.1312,11.105,17.2072,23.2016,42.7267,26.6751,2068.8624278,4695.785265640001,911.4964809999999,2612.9709849600004
TRN-0097,24.0983,15.5749,32.5565,32.3226,12.5641,10.8077,5.4559,72.9077,17.5511,375.32861267,242.57751001,580.7280628899999,503.42126274000003
TRN-0220,12.1699,57.0484,31.2917,52.7784,9.5998,10.3563,11.9747,50.9553,17.0452,694.27332316,3254.51994256,148.10646601,3010.9232745599998
TRN-0713,11.9594,108.4812,34.5381,58.1279,12.1882,14.8651,14.0675,69.0032,47.8264,1297.37006328,11768.170753440001,143.02724836000002,6305.7843454799995
TRN-0890,27.1695,81.7422,25.519,26.4742,17.8631,17.0967,22.0936,62.1795,29.1343,2220.8947029,6681.787260839999,738.18173025,2164.05935124
TRN-0531,20.7203,99.2481,31.085,54.7814,16.2072,17.0458,19.816,39.6731,41.019,2056.45040643,9850.185353609999,429.33083209000006,5436.94986534
TRN-0369,24.5577,62.3376,30.1652,56.576,15.5392,14.881,19.6012,46.2767,24.6977,1530.86807952,3885.97637376,603.08062929,3526.8120576
TRN-0781,17.8894,74.0111,26.7258,14.7152,12.9996,13.5775,15.9195,62.4277,23.4299,1324.01417234,5477.64292321,320.03063235999997,1089.08813872
TRN-0928,25.7367,90.4034,33.5964,54.4149,17.8868,17.9832,22.3347,46.1552,36.6371,2326.68518478,8172.774731560001,662.37772689,4919.2919706600005
TRN-0194,15.343,109.4771,33.6951,57.5039,14.2222,16.389,16.6468,72.3277,50.4105,1679.7071452999999,11985.235424409999,235.407649,6295.36021069
TRN-0743,16.6379,22.9675,37.3504,24.5539,9.2704,8.9039,12.3042,61.3833,15.879,382.13096824999997,527.50605625,276.81971640999996,563.94169825
TRN-0294,31.8012,33.9683,33.232,36.4063,17.3683,15.0914,22.6319,49.1939,21.8126,1080.23270196,1153.84540489,1011.3163214400001,1236.6601202900001
TRN-0304,23.6657,17.7618,19.2181,49.6166,12.9498,16.1247,17.0497,54.4657,17.0368,420.34543026000006,315.48153924,560.06535649,881.28012588
TRN-0382,14.1328,104.1859,27.4694,17.0621,12.7062,14.6844,14.7467,55.5636,41.6252,1472.43848752,10854.70175881,199.73603584,1777.6302443900001
TRN-0417,26.973,68.6493,28.7009,27.9014,17.2997,16.4962,21.6952,57.9395,25.9572,1851.6775688999999,4712.726390489999,727.5427289999999,1915.4115790199999
TRN-0297,26.5298,89.9603,18.0,53.9437,18.1662,17.589,22.426,33.5126,31.7561,2386.6287669400003,8092.855576090001,703.8302880400001,4852.79143511
TRN-0622,21.0295,23.2536,34.0265,49.4829,5.4912,11.0359,16.266,51.2347,17.9097,489.01158119999997,540.72991296,442.23987024999997,1150.65556344
TRN-0563,16.5004,76.4705,23.6697,55.7837,12.9151,13.4514,15.6811,38.7838,23.4619,1261.7938382,5847.73737025,272.26320016,4265.80743085
TRN-0920,28.0007,43.5856,29.5635,31.3067,16.4039,14.665,21.3004,49.4543,20.6462,1220.42730992,1899.70452736,784.0392004899999,1364.52130352
TRN-0568,17.0624,18.7827,25.3896,23.4091,9.6033,8.647,12.7841,69.2815,14.8344,320.47794048,352.7898192899999,291.12549376,439.68610256999995
TRN-0227,10.4857,104.8969,33.4685,24.2937,10.7743,13.447,12.3912,44.9239,42.3603,1099.91742433,11003.35962961,109.94990449,2548.3338195300003
TRN-0581,31.4401,34.7442,44.4525,37.6516,17.718,15.566,23.4067,53.4032,23.1496,1092.36112242,1207.1594336399999,988.4798880100001,1308.17472072
TRN-0320,26.2045,71.2287,39.427,5.5082,16.4818,16.3147,20.7495,74.076,28.4389,1866.51246915,5073.527703690001,686.67582025,392.34192534000005
TRN-0167,9.1955,28.8878,39.9113,21.6789,6.0801,0.0631,7.9135,42.5394,14.3812,265.6377649,834.5049888399999,84.55722024999999,626.25572742
TRN-0450,12.2914,80.6737,25.0689,28.09,10.7961,12.1847,12.857,26.3365,23.8166,991.5927161799999,6508.245871689999,151.07851395999998,2266.124233
TRN-0287,24.9197,109.5992,39.1933,44.5793,18.6125,19.6007,22.8927,62.0009,54.3793,2731.17918424,12011.98464064,620.99144809,4885.85561656
TRN-0650,9.3389,69.1289,34.8242,7.8153,8.6751,10.3544,10.3503,43.2764,21.5834,645.5878842100001,4778.80481521,87.21505321000001,540.2630921699999
TRN-0901,24.5837,32.3434,44.0985,18.3583,13.6707,12.6833,18.0113,56.004,20.0391,795.12044258,1046.0955235600002,604.3583056900001,593.76984022
TRN-0031,31.5827,42.3262,21.2104,46.5375,18.086,15.3435,23.7902,63.3815,21.3218,1336.7756767399999,1791.50720644,997.4669392899999,1969.7555325
TRN-0199,20.0134,74.4171,30.5929,34.5742,14.1476,14.6017,17.3784,29.7774,25.6966,1489.3391891400001,5537.904772410001,400.53617956000005,2572.91169882
TRN-0630,24.2394,42.3827,37.0505,29.3917,14.3383,13.4411,18.6192,44.5871,20.1279,1027.3312183799999,1796.29325929,587.54851236,1245.69960359
TRN-0605,13.0001,85.6198,45.944,9.1593,11.1971,13.4391,13.1292,44.0425,32.9308,1113.0659619799999,7330.750152039999,169.00260000999998,784.21743414
TRN-0704,24.0661,67.4291,32.3245,15.834,15.4074,15.0642,30.0999,60.9044,25.2527,1622.75546351,4546.68352681,579.17716921,1067.6723694
TRN-0614,20.2532,103.5468,45.9658,19.1421,15.4626,17.1631,18.7869,44.9124,48.5665,2097.15404976,10721.939790240001,410.19211024,1982.10320028
TRN-0315,17.4271,55.0366,20.4553,35.888,11.7702,11.6673,14.6101,43.8198,17.1108,959.12833186,3029.02733956,303.70381440999995,1975.1535007999998
TRN-0018,9.606,80.1658,36.9003,58.9581,7.4058,5.6122,11.8582,50.8925,26.5112,770.0726748000001,6426.555489640001,92.27523599999999,4726.42325298
TRN-0669,19.456,70.6109,26.7711,19.4439,13.949,13.9951,17.503,32.6376,22.7601,1373.8056704,4985.89919881,378.535936,1372.95127851
TRN-0168,15.3642,103.1518,32.9891,37.3924,13.7518,15.742,16.2821,60.6418,43.7129,1584.84488556,10640.293843239999,236.05864164000002,3857.09336632
TRN-0397,12.6677,60.0778,26.2891,30.817,10.0417,10.7811,12.4172,51.166,16.9303,761.04754706,3609.3420528400006,160.47062329,1851.4175626
TRN-0324,18.6204,80.1765,35.0088,24.0491,13.5275,14.4397,16.6685,49.4543,28.5561,1492.9185006,6428.27115225,346.71929616,1928.17266615
TRN-0154,15.6191,87.307,31.2849,31.8206,12.6735,13.9206,15.2714,60.0861,24.836,1363.6567637,7622.512249,243.95628481,2778.1611242
TRN-0666,8.1382,65.7363,39.0356,11.4716,7.6017,9.7427,9.234,32.6448,21.455,534.9751566599999,4321.26113769,66.23029924,754.10053908
TRN-0826,28.4712,27.8256,35.3796,21.3808,15.2771,13.2259,19.943,48.6539,20.0595,792.2282227200001,774.26401536,810.6092294399999,594.93358848
TRN-0131,18.5812,92.627,32.678,29.3111,14.2849,15.4514,17.3894,51.1103,34.9359,1721.1208123999997,8579.761128999999,345.26099344,2714.9992597
TRN-0206,15.64,43.7312,36.5787,24.7762,10.3069,10.4717,13.1759,67.9744,17.0176,683.9559680000001,1912.41785344,244.60960000000003,1083.49295744
TRN-0641,24.5801,94.9394,27.697,34.8704,17.3518,17.6709,21.5468,56.5225,37.4487,2333.6199459400004,9013.489672360001,604.18131601,3310.5748537599998
TRN-0478,22.1023,75.3986,39.5437,15.7804,15.0451,15.3171,18.7467,40.8439,29.3263,1666.48247678,5684.94888196,488.51166529,1189.82006744
TRN-0026,23.3843,84.4197,26.1531,13.7255,16.0969,15.9865,19.9008,42.4546,28.9849,1974.0955907100001,7126.685748090001,546.82548649,1158.70259235
TRN-0363,12.5154,100.0179,26.6011,17.9126,11.5718,13.6642,13.2085,54.963,36.6662,1251.76402566,10003.58032041,156.63523716,1791.58063554
TRN-0430,20.7575,53.4003,34.8645,24.8433,12.9698,12.7579,16.7595,48.1514,19.0719,1108.45672725,2851.59204009,430.87380625000003,1326.63967299
TRN-0936,10.8932,25.4503,34.2131,51.1712,7.0372,7.1364,9.181,62.3112,14.5568,277.23520795999997,647.7177700899999,118.66180624,1302.32239136
TRN-0129,21.1678,103.3248,40.2966,38.4533,16.1599,17.4796,19.4539,49.4543,47.0142,2187.1587014399997,10676.014295039999,448.07575684,3973.1795318399995
TRN-0688,20.0467,29.4538,26.8279,33.6621,11.6891,10.7337,15.4426,54.0091,16.7953,590.45149246,867.52633444,401.87018089000003,991.4767609800001
TRN-0157,22.4119,20.8205,26.7832,21.6598,11.8651,10.3674,15.741,52.7544,16.6935,466.62696394999995,433.49322025,502.29326160999994,450.9678659
TRN-0422,29.5699,19.6229,39.3521,44.9731,15.9528,13.5415,21.3873,41.892,20.6111,580.24719071,385.05820441000003,874.3789860100001,882.5026439900001
TRN-0561,21.2552,28.753,28.5431,55.9749,14.8131,15.3306,16.1621,58.7379,17.9232,611.1507656,826.735009,451.7835270399999,1609.4462997
TRN-0281,20.3633,63.1516,37.9498,43.269,14.0488,13.9778,17.9825,33.7963,25.6006,1285.97497628,3988.1245825600004,414.66398688999993,2732.5065804
TRN-0108,18.4548,83.0207,37.7378,7.6421,13.5164,7.7951,16.5216,45.0359,30.0347,1532.13041436,6892.436628490001,340.57964303999995,634.45249147
TRN-0332,19.9914,90.3498,42.0529,54.2919,15.1578,16.3139,18.691,51.4997,37.3545,1806.2189917199998,8163.086360040001,399.65607395999996,4905.26230662
TRN-0185,13.0874,48.0294,42.0912,28.1127,9.6031,10.4584,12.469,52.8484,46.1158,628.5799695600001,2306.8232643600004,171.28003876000002,1350.23611338
TRN-0746,11.5123,78.7144,35.2434,11.023,9.9073,11.8385,11.9057,50.1068,25.1387,906.1837871199999,6195.9567673599995,132.53305129,867.6688312
TRN-0656,12.9859,56.5878,41.075,23.6554,9.7232,10.5824,12.1611,23.4386,17.7576,734.84351202,3202.17910884,168.63359881000002,1338.60704412
TRN-0270,18.3775,49.9777,28.7527,20.261,11.6306,11.4468,14.7626,43.6153,17.1733,918.46518175,2497.77049729,337.73250625000003,1012.5981797
TRN-0462,9.376,27.3945,36.0394,38.8804,6.3963,7.0118,8.4734,42.8012,14.3644,256.85083199999997,750.45863025,87.909376,1065.1091178000001
TRN-0245,12.2692,79.2162,37.8168,33.9754,10.6367,12.3656,12.7798,33.0432,26.8149,971.91940104,6275.20634244,150.53326864,2691.40208148
TRN-0986,16.4933,30.86,41.2013,54.7611,10.5093,10.1223,13.7721,54.7129,17.9657,508.98323800000003,952.3396,272.02894489000005,1689.927546
TRN-0905,20.6906,44.6437,44.5003,38.915,12.5439,12.4742,16.1979,53.5546,20.3892,923.70493922,1993.0599496900002,428.10092836,1737.3095855000001
TRN-0355,12.6951,77.0043,34.7021,7.1159,10.4104,11.9463,12.3935,66.5491,24.5341,977.57728893,5929.66221849,161.16556401,547.95489837
TRN-0684,28.7954,59.5556,32.8725,33.6192,17.5358,16.2295,22.6425,49.5823,22.6681,1714.92732424,3546.8694913599998,829.17506116,2002.2116275199999
TRN-0433,14.1649,48.5547,35.8988,14.1726,9.8755,10.08,12.6932,52.2889,17.3311,687.7724700299999,2357.5588920899995,200.64439201,688.14634122
TRN-0205,11.8979,97.544,25.2669,56.4937,11.918,13.5932,14.1341,49.7389,35.013,1160.5687576,9514.831935999999,141.56002441,5510.6214727999995
TRN-0806,25.4865,99.3398,44.008,55.3353,18.2879,18.9374,22.9072,48.9598,46.4182,2531.8238127,9868.39586404,649.56168225,5496.997634939999
TRN-0177,8.8071,96.5473,34.9594,44.9813,10.2865,12.7489,11.7695,36.0828,36.0541,850.3017258300001,9321.381137290002,77.56501041,4342.82306549
TRN-0744,28.2125,108.5078,19.6145,8.0209,19.8403,20.0427,24.2394,52.7439,48.0361,3061.2763075,11773.94266084,795.94515625,870.33021302
TRN-0295,28.491,65.9864,38.1329,46.6129,18.1348,17.2158,23.268,39.7368,29.2011,1880.0185224000002,4354.204984960001,811.737081,3075.81746456
TRN-0948,27.7984,49.1388,26.1832,34.6076,16.6847,14.9078,21.5841,60.4037,21.0112,1365.9800179200001,2414.6216654400005,772.7510425600001,1700.57593488
TRN-0844,21.372,93.2079,34.9139,44.387,15.903,16.6672,19.6773,49.3534,37.785,1992.0392387999998,8687.71262241,456.762384,4137.2190573
TRN-0035,21.0816,84.4086,44.5723,45.0304,15.2472,16.1899,18.847,46.072,34.834,1779.4683417600004,7124.811753960002,444.4338585600001,3800.95302144
TRN-0971,10.7856,47.0839,39.4542,52.5867,8.5482,9.3426,10.8938,58.0583,16.9186,507.82811184,2216.89363921,116.32916736000001,2475.98692413
TRN-0455,25.6612,102.5107,36.9688,45.8239,18.5978,19.1275,22.9467,48.6426,46.962,2630.54757484,10508.44361449,658.4971854400001,4697.44006573
TRN-0792,14.0843,67.8778,45.1334,50.613,11.2984,12.3105,14.1442,31.1149,26.6744,956.01129854,4607.395732839999,198.36750649,3435.4990913999995
TRN-0662,8.1213,69.3968,29.281,41.901,8.2046,10.0533,9.4808,46.976,19.9671,563.59223184,4815.91585024,65.95551368999999,2907.7953168000004
TRN-0266,15.9753,99.6298,30.1634,13.0101,13.3042,14.9661,15.6586,44.586,38.6543,1591.61594394,9926.097048040001,255.21021009000003,1296.19366098
TRN-0326,30.0836,84.8342,42.2461,45.3787,19.8302,19.4816,24.9872,63.2539,37.3695,2552.11813912,7196.841489639999,905.02298896,3849.66571154
TRN-0173,8.8793,48.0957,34.4588,23.3188,7.1496,8.3093,8.9484,47.6605,15.0183,427.05614901,2313.19635849,78.84196849000001,1121.53400916
TRN-0473,21.7807,79.7624,44.4431,34.0606,15.1516,16.0863,18.7589,49.0243,32.4963,1737.28090568,6362.04045376,474.39889249,2716.75520144
TRN-0759,14.1698,79.0463,27.4585,28.9708,11.6621,12.8104,14.0205,55.029,24.5945,1120.07026174,6248.31754369,200.78323204,2290.03454804
TRN-0090,25.4547,40.4219,23.6058,25.1758,14.7793,13.0121,19.0257,45.9565,18.5905,1028.92733793,1633.92999961,647.9417520899999,1017.6536700199999
TRN-0346,13.4272,55.4707,35.9373,17.5331,9.7561,10.4939,12.1206,55.9888,17.4079,744.8161830399999,3076.99855849,180.28969983999997,972.5733301700001
TRN-0250,19.19,70.3763,45.3644,54.5215,13.7609,14.6353,17.4645,53.9176,29.2459,1350.521197,4952.82360169,368.25610000000006,3837.0214404500002
TRN-0585,19.7951,57.3239,36.9512,42.1921,13.0019,13.2516,16.721,24.2143,20.122,1134.7323328900002,3286.0295112100002,391.84598401000005,2418.6157211900004
TRN-0057,30.1846,57.0555,30.0486,29.5513,18.1997,16.6974,23.4507,84.119,22.705,1722.1974453,3255.3300802500003,911.11007716,1686.0641971500002
TRN-0187,31.0442,84.7434,25.919,22.4294,19.9745,19.1135,25.0038,51.3905,32.1574,2630.79105828,7181.443843559999,963.74235364,1900.74361596
TRN-0557,15.5447,29.2815,39.9119,30.1967,0.1218,9.5419,12.5008,57.9382,16.9847,455.17213305,857.4062422500001,241.63769809000001,884.20467105
TRN-0098,21.2152,65.8614,33.6448,35.9575,14.2849,14.3922,18.1252,58.3774,24.619,1397.26277328,4337.72400996,450.08471104,2368.2112905000004
TRN-0734,30.9058,62.5443,43.9515,46.107,18.7959,17.6931,16.8485,56.4007,30.8448,1932.9816269399998,3911.78946249,955.16847364,2883.7300400999998
TRN-0718,11.7229,106.4226,33.7749,44.7718,11.9335,13.57855,13.9352,52.3137,45.356,1247.5814975399999,11325.769790760001,137.42638440999997,4764.73136268
TRN-0389,14.6259,73.7701,26.7014,45.617,11.3153,12.2835,13.6233,67.4187,22.432,1078.95410559,5442.02765401,213.91695081,3365.1706517
TRN-0680,20.7467,66.0727,27.8669,12.5571,13.8576,13.7229,16.9478,56.1486,22.4213,1370.79048509,4365.601685289999,430.42556089000004,829.6815011699999
TRN-0709,29.2852,102.7158,48.2417,54.5325,20.3658,20.6792,25.271,68.8564,54.4227,3008.05274616,10550.53556964,857.62293904,5601.3493634999995
TRN-0406,25.1233,40.9434,43.4653,22.5027,22.7285,13.9656,19.5208,49.8444,21.013,1028.63332122,1676.3620035599997,631.18020289,921.33704718
TRN-0496,13.5539,39.9312,20.6458,47.9961,8.8443,8.5335,10.9148,48.4001,15.0114,541.2234916799999,1594.5007334399997,183.70820521000002,1916.5418683199998
TRN-0500,18.4778,63.4249,40.0174,37.7434,12.4168,13.2615,15.4617,34.8244,25.4269,1171.9526172199999,4022.71794001,341.42909283999995,2393.87137066
TRN-0238,24.5424,90.2796,44.3099,53.5612,17.2203,17.7766,21.3428,43.8869,39.469,2215.67805504,8150.4061761600005,602.32939776,4835.48371152
TRN-0494,16.9402,91.4089,28.7547,32.746,13.7494,14.6965,16.65,55.3822,32.4537,1548.48504778,8355.58699921,286.97037604,2993.2758394
TRN-0597,11.0549,38.0733,34.939,28.6861,7.5375,8.2343,9.2702,52.9228,15.2692,420.89652417,1449.5761728900002,122.21081400999999,1092.17449113
TRN-0749,16.9551,49.3238,37.9182,46.079,11.5897,11.7664,14.8056,46.527,18.7843,836.28996138,2432.83724644,287.47541601000006,2272.7913802
TRN-0973,28.9136,58.5679,27.1528,37.1643,17.6326,16.1946,22.4584,51.0747,22.3777,1693.40883344,3430.1989104100003,835.99626496,2176.63500597
TRN-0995,14.8736,90.321,43.7769,6.3052,12.5782,14.5,15.1172,49.4543,35.587,1343.3984255999999,8157.883041,221.22397696,569.4919692
TRN-0420,16.7887,100.0701,39.1768,10.3787,13.9253,15.7353,16.7186,56.4779,42.4476,1680.0468878699999,10014.024914009999,281.86044768999994,1038.59754687
TRN-0621,20.8151,108.1273,37.7482,18.9016,16.2126,17.5534,19.6291,65.7172,50.4377,2250.6805622300003,11691.51300529,433.26838801,2043.77897368
TRN-0128,26.0646,105.4747,36.4848,29.7454,18.6229,19.0469,22.9939,59.9133,49.6719,2749.15586562,11124.912340089999,679.3633731599999,3137.38714138
TRN-0436,12.9292,15.0079,18.0,47.765,7.7726,6.8596,10.0741,61.009,13.2914,194.04014067999998,225.23706241,167.16421264,716.8523435
TRN-0733,11.1191,95.9778,32.2408,9.3445,10.3419,12.6769,11.9418,52.1243,34.3407,1067.18675598,9211.73809284,123.63438480999999,896.8645521
TRN-0451,15.2425,33.3987,35.7329,11.8259,9.3907,9.3412,12.0736,32.7026,16.184,509.07968474999996,1115.4731616899999,232.33380624999998,394.96968633
TRN-0061,30.0389,73.7471,41.4148,46.8461,19.0801,18.3148,24.107,44.198,31.9481,2215.2817621900003,5438.63475841,902.3355132100002,3454.7640213100003
TRN-0051,31.1752,99.3175,25.9078,5.095,20.6205,20.1688,25.4065,34.0022,42.1474,3096.242926,9863.965806249998,971.89309504,506.02266249999997
TRN-0093,20.1057,35.7746,27.7187,59.2091,12.5668,11.4561,16.472,51.154,18.1969,719.2733752199999,1279.82200516,404.23917248999993,2118.18186886
TRN-0457,14.4873,100.0648,36.7584,54.3708,12.7881,14.6488,15.1889,44.7178,41.1164,1449.6687770400001,10012.964199040001,209.88186129,5440.603227840001
TRN-0939,22.3374,56.6306,28.9941,18.4958,13.9008,13.3433,17.7527,49.9282,19.3513,1264.98036444,3207.0248563600003,498.95943875999995,1047.42825148
TRN-0872,26.9568,40.5601,40.3636,25.9641,13.62775,14.5565,20.7849,74.7142,21.4579,1093.37050368,1645.1217120099998,726.6690662400001,1053.1064924099999
TRN-0652,27.089,62.907,40.7783,13.492,16.8702,0.0,21.7538,66.6104,28.0562,1704.0877229999999,3957.2906489999996,733.8139209999999,848.741244
TRN-0084,16.1984,104.131,47.1348,13.1686,13.8563,16.0643,16.4932,45.0811,49.5151,1686.7555903999998,10843.265161,262.38816255999996,1371.2594866
TRN-0461,10.4319,41.9366,32.0292,45.3324,7.5731,8.4603,9.6327,36.0315,15.0741,437.47841754,1758.6784195599998,108.82453761000001,1901.0867258399999
TRN-0615,28.5161,46.13,36.8821,25.4588,16.5328,15.279,21.4779,48.4752,21.8358,1315.447693,2127.9769,813.16795921,1174.414444
TRN-0828,12.2969,56.5112,39.2929,28.3125,9.4048,10.5472,11.7256,49.4543,17.4859,694.91257528,3193.51572544,151.21374961,1599.97335
TRN-0082,24.2607,41.2419,35.6057,24.8717,14.0427,13.1631,18.3995,59.6223,20.2629,1000.55736333,1700.8943156100001,588.58156449,1025.75616423
TRN-0969,30.7801,21.4751,27.9207,33.4875,16.1614,13.5707,21.6122,49.4543,19.9597,661.00572551,461.17992001000005,947.4145560100001,719.14741125
TRN-0675,30.2286,45.8892,26.7456,33.7286,17.466,15.4147,22.8149,43.5912,21.585,1387.1662711200001,2105.8186766400004,913.76825796,1547.7784711200002
TRN-0458,20.8054,64.9584,26.8743,57.8686,14.1824,22.0046,17.7369,45.5514,23.0209,1351.48549536,4219.59373056,432.86466915999995,3759.05166624
TRN-0190,15.2603,79.1605,29.4847,21.3996,11.7469,12.7595,14.0645,19.9086,24.475,1208.01297815,6266.38476025,232.87675609000001,1694.0030358
TRN-0202,25.3237,106.6343,38.858,25.9433,1.0,19.0542,22.2274,54.544,50.9883,2700.3750229099996,11370.87393649,641.2897816899999,2766.44563519
TRN-0068,12.3176,57.5176,21.598,48.011,9.8896,10.3904,12.1167,36.3548,16.2433,708.47878976,3308.27430976,151.72326976000002,2761.4774936000003
TRN-0214,27.8415,15.6042,28.6918,50.5509,14.726,12.1316,19.753,57.192,19.1633,434.44433430000004,243.49105764,775.14912225,788.80635378
TRN-0477,10.8498,54.5137,33.8139,24.3945,8.3735,9.3847,10.2987,66.5264,15.9991,591.46274226,2971.74348769,117.71816004,1329.83445465
TRN-0394,17.3998,27.4014,32.6194,7.1219,10.1519,9.3392,13.4439,43.0775,16.065,476.77887971999996,750.83672196,302.75304004,195.15003066
TRN-0530,18.4973,100.7009,36.7309,6.1492,14.4387,16.0742,17.2039,51.6816,42.1886,1862.69475757,10140.67126081,342.15010729,619.2299742800001
TRN-0037,20.7384,99.3801,27.8355,9.009,15.4736,16.4851,18.3568,61.3818,39.6381,2060.98426584,9876.40427601,430.0812345599999,895.3153209000001
TRN-0267,12.3628,100.7801,22.3968,23.5885,11.9041,13.7706,13.9312,40.4923,36.3126,1245.92422028,10156.62855601,152.83882384,2377.2513888500002
TRN-0440,9.7342,73.9139,18.0,45.948,9.1737,10.3878,10.8464,53.3581,18.5615,719.4926853799999,5463.26461321,94.75464964,3396.1958772
TRN-0697,13.9074,63.999,35.716,17.3181,10.4776,11.3127,12.9265,53.7765,22.287,890.0596926000001,4095.872001,193.41577476000003,1108.3410819
TRN-0974,18.163,28.358,31.2924,32.175,10.7058,9.9377,14.0611,50.49,16.6652,515.066354,804.1761640000001,329.894569,912.41865
TRN-0869,31.3848,62.2443,36.8918,34.7087,18.6216,17.3424,23.8142,52.9131,28.7862,1953.52490664,3874.3528824900004,985.0056710399999,2160.41873541
TRN-0025,16.5478,64.1575,36.9451,5.6956,11.3731,6.9911,14.1633,58.3087,22.9904,1061.6654784999998,4116.18480625,273.82968483999997,365.415457
TRN-0523,11.8296,21.4584,32.3691,57.9892,25.0,7.3582,9.8972,38.2451,14.6204,253.84428864,460.46293056,139.93943615999999,1244.35544928
TRN-0172,28.6209,35.1609,28.1335,24.3318,15.7314,13.8399,20.6323,43.6457,19.8299,1006.3366028099999,1236.28888881,819.1559168099999,855.52798662
TRN-0723,12.3018,61.145,38.4586,12.285,9.4748,10.5765,11.5015,53.5863,17.7216,752.193561,3738.7110250000005,151.33428324,751.166325
TRN-0041,15.098,38.9042,25.1113,36.8095,9.7416,9.5803,12.384,42.8213,16.1036,587.3756116000001,1513.5367776400003,227.94960400000002,1432.0441499
TRN-0958,13.9218,61.6483,44.9454,43.3601,10.3708,11.515,12.7252,52.0169,19.7819,858.25530294,3800.51289289,193.81651523999997,2673.07645283
TRN-0364,10.1665,93.6094,41.4084,43.4711,10.5852,13.1681,12.3919,36.9169,36.1226,951.6799650999999,8762.719768359999,103.35772224999998,4069.30358834
TRN-0553,12.9588,91.6201,24.6224,7.4809,11.674,13.1147,13.7081,50.501,29.8408,1187.28655188,8394.242724009999,167.93049744,685.40080609
TRN-0253,31.6361,32.2472,36.1817,55.1522,17.5824,15.0875,23.2255,71.4929,22.5182,1020.17564392,1039.88190784,1000.8428232099999,1778.50402384
TRN-0566,12.9328,79.8868,40.2712,33.5667,11.013,12.7045,13.3102,37.6164,27.8973,1033.16000704,6381.900814239999,167.25731584000002,2681.5362495599998
TRN-0777,8.1947,107.2433,21.406,55.8882,10.373,13.0691,11.2021,49.4159,41.548,878.82667051,11501.125394890001,67.15310808999999,5993.63499906
TRN-0485,12.9139,39.8236,23.2491,24.6533,8.46,8.7627,10.6013,67.1814,14.2112,514.27798804,1585.9191169599999,166.76881321,981.7831578800001
TRN-0076,19.98,51.4139,37.8555,12.2375,12.5667,12.777,25.0,21.6472,19.0336,1027.249722,2643.38911321,399.2004,629.1776012500001
TRN-0234,31.8555,89.9514,38.7023,18.529,20.0978,19.7211,25.2735,50.7539,39.1209,2865.4468227,8091.254361960001,1014.77288025,1666.7094906000002
TRN-0176,16.7604,61.6364,46.4971,55.1082,12.021,12.683,14.9245,41.1933,22.1887,1033.0507185600002,3799.04580496,280.91100816,3396.67105848
TRN-0931,19.7739,19.7536,27.0141,42.8943,11.0173,9.5235,14.5968,39.2832,16.1916,390.60571104,390.20471295999994,391.00712121000004,847.31684448
TRN-0945,26.7385,70.3804,36.3881,33.2994,17.2828,16.7397,21.7568,56.2922,47.492,1881.8663253999998,4953.400704159999,714.9473822499999,2343.6250917599996
TRN-0715,15.2056,97.2858,31.008,34.6975,12.7327,14.3418,14.9446,45.1902,36.8872,1479.28896048,9464.526881639998,231.21027136,3375.5740454999996
TRN-0103,11.0967,57.7506,32.1577,49.6601,9.3504,10.2755,11.4103,47.7629,16.6986,640.84108302,3335.13180036,123.13675089,2867.90057106
TRN-0522,25.7619,69.1276,32.6964,18.6309,16.2873,15.9744,20.6953,56.4635,25.8008,1780.8583184400002,4778.62508176,663.67549161,1287.90940284
TRN-0612,22.9325,95.339,21.9622,58.4625,17.1118,17.1518,21.0356,37.9274,36.1073,2186.3616175,9089.524921,525.89955625,5573.756287499999
TRN-0706,12.8318,53.2613,36.8491,11.4673,9.0028,9.979,10.9948,42.5072,16.8909,683.43834934,2836.7660776899997,164.65509124,610.76330549
TRN-0409,18.9372,42.7286,30.7494,59.6139,12.0414,11.6014,15.4897,71.2505,18.268,809.16004392,1825.73325796,358.61754384000005,2547.21848754
TRN-0741,10.1391,102.3696,30.4046,37.2094,10.9162,13.2917,12.6988,45.9982,39.7644,1037.93561136,10479.535004160001,102.80134880999998,3809.11139424
TRN-0162,13.1679,23.7918,20.5211,29.8586,8.0068,7.4467,10.4513,19.7703,13.4887,313.28804321999996,566.0497472399999,173.39359040999997,710.38983948
TRN-0980,21.2551,92.5878,23.7463,51.8686,15.8742,16.2173,19.1395,77.3263,33.6704,1967.96294778,8572.50070884,451.77927600999993,4802.39956308
TRN-0072,11.3676,24.7966,47.8326,39.7456,7.1229,7.6559,9.5351,59.5152,17.8875,281.87783016000003,614.8713715600001,129.22232975999998,985.5557449600001
TRN-0670,13.7125,49.7963,29.9628,30.9329,9.5133,9.9252,12.031,61.3026,16.1612,682.83176375,2479.6714936900003,188.03265625,1540.34396827
TRN-0884,14.7955,47.2573,38.2309,35.7656,9.9198,10.4887,12.5743,44.566,17.7695,699.19538215,2233.25240329,218.90682025,1690.18568888
TRN-0765,25.7638,21.9445,30.2554,47.5049,13.902,20.392,18.6341,52.7792,18.6845,565.3737091,481.5610802500001,663.77339044,1042.4712780500001
TRN-0208,27.5704,85.3055,24.6014,31.3391,18.2797,17.8617,22.6378,50.0485,31.0727,2351.9067572,7277.028330249999,760.12695616,2673.39759505
TRN-0116,17.1843,57.8166,30.8448,31.3097,11.8278,12.0699,14.9209,40.3349,18.4577,993.53779938,3342.75923556,295.30016649000004,1810.22040102
TRN-0807,13.7129,81.1031,27.6251,31.0034,11.2408,12.5312,13.2541,54.4976,25.0497,1112.1586999899998,6577.71282961,188.04362640999997,2514.4718505399997
TRN-0515,26.6475,106.3383,29.4929,14.2771,19.0362,19.4561,23.466,35.5775,48.7143,2833.64984925,11307.83404689,710.0892562500001,1518.2025429300002
TRN-0771,10.5103,65.8953,33.8904,15.1601,8.8842,10.4931,10.7892,42.4119,20.7145,692.5793715900002,4342.190562090001,110.46640609000002,998.9793375300001
TRN-0252,28.7185,102.2871,26.2899,33.8702,19.6977,19.5107,24.4223,43.589,44.555,2937.5320813499998,10462.65082641,824.7522422499999,3464.4845344199994
TRN-0762,25.9956,109.9526,44.171,32.6094,19.0835,20.0698,23.5018,26.7068,57.0971,2858.28380856,12089.574246760001,675.77121936,3585.48831444
TRN-0722,13.5483,30.7805,39.3529,46.8138,8.7059,8.8392,11.4471,42.6593,16.6493,417.02344815,947.43918025,183.55643289,1440.9521709
TRN-0309,17.304,91.7646,36.5064,53.8731,13.7505,15.1453,16.6453,74.8414,35.7241,1587.8946383999998,8420.74181316,299.42841599999997,4943.64347226
TRN-0454,18.7967,65.4734,40.9096,30.0071,13.0694,13.9466,16.4915,57.237,25.9462,1230.6838577800002,4286.76610756,353.31593089000006,1964.66686114
TRN-0312,11.6104,102.0657,46.6395,55.7037,11.7779,14.4485,13.6518,49.1068,46.3609,1185.02360328,10417.407116490001,134.80138816000002,5685.43713309
TRN-0191,13.4092,41.696,35.3431,54.3964,9.4945,9.707,12.2115,45.3013,16.8215,559.1100031999999,1738.556416,179.80664464,2268.1122944
TRN-0913,30.3803,53.4373,35.2678,10.1371,17.5759,16.0709,22.6921,36.9262,22.5101,1623.44120519,2855.54503129,922.96262809,541.69925383
TRN-0426,15.663,92.9721,42.0626,10.8552,12.5411,14.5453,14.8675,57.4867,36.7578,1456.2220023,8643.811378409999,245.32956900000002,1009.23073992
TRN-0286,11.876,58.3091,18.0,17.1002,8.8853,9.7133,10.5956,51.7181,14.8376,692.4788715999999,3399.95114281,141.03937599999998,997.0972718200001
TRN-0400,15.8294,42.461,36.6762,38.4979,10.6434,10.7181,13.7955,58.1528,17.266,672.1321534,1802.9365209999999,250.56990435999998,1634.6593319
TRN-0498,9.247,29.5362,30.9868,39.7963,6.3095,6.6922,8.0435,23.9261,14.0908,273.12124140000003,872.38711044,85.507009,1175.43147606
TRN-0379,27.3635,80.9819,24.8846,40.687,17.9053,17.2384,22.3222,41.2935,28.7559,2215.9482206499997,6558.0681276099995,748.76113225,3294.9105652999997
TRN-0120,27.6676,107.92,25.534,37.3577,19.7172,19.6141,16.9269,66.4597,49.6937,2985.887392,11646.7264,765.49608976,4031.642984
TRN-0062,13.8465,88.0545,18.0,14.4881,11.694,12.8662,13.6891,56.6009,25.5005,1219.2466342500002,7753.594970250001,191.72556225000002,1275.74240145
TRN-0216,10.4524,20.9992,31.1693,8.7182,6.133,6.6738,8.1383,61.5106,13.2191,219.49203808,440.9664006399999,109.25266576000001,183.07522543999997
TRN-0246,20.7832,99.3301,37.9236,7.0177,15.7143,16.9205,18.9945,72.4032,42.2102,2064.39733432,9866.46876601,431.94140224000006,697.06884277
TRN-0303,15.7997,94.2261,39.2941,32.7851,13.1259,14.9899,15.8749,46.3433,37.2738,1488.74411217,8878.55792121,249.63052008999998,3089.21211111
TRN-0213,30.1751,79.3309,21.9507,18.1772,18.7655,17.5128,23.4268,32.0832,27.5048,2393.81784059,6293.3916948099995,910.53666001,1442.01363548
TRN-0156,19.8281,70.9773,33.1628,38.3599,14.1726,14.261,17.9427,42.5564,25.1633,1407.34500213,5037.7771152899995,393.15354960999997,2722.68213027
TRN-0703,26.2089,54.974,41.1151,26.273,16.2704,15.1831,20.948,45.5269,21.8275,1440.8080685999998,3022.1406759999995,686.90643921,1444.331902
TRN-0702,19.4301,32.991,28.6255,59.8097,12.1253,11.1045,15.7981,39.8642,18.0492,641.0184290999999,1088.406081,377.52878601,1973.1818127
TRN-0784,15.8702,15.6296,39.2104,56.6342,9.2844,8.3762,12.6375,53.5794,15.9125,248.04487792,244.28439616,251.86324804000003,885.16989232
TRN-0929,10.8657,63.1203,31.5599,52.7209,17.2812,10.3317,11.1108,76.6147,20.992,685.8462437100001,3984.17227209,118.06343649,3327.75902427
TRN-0997,15.1471,61.1764,30.4936,18.3832,11.3087,11.8006,14.0115,64.296,18.0475,926.64504844,3742.55191696,229.43463841,1124.6179964799999
TRN-0368,26.4526,41.6867,25.0217,25.7021,15.4035,13.8786,20.0559,44.0599,19.4551,1102.72160042,1737.7809568900002,699.74004676,1071.43573207
TRN-0015,9.8697,106.5144,35.524,34.3863,10.9308,13.743,12.4704,36.746,45.2592,1051.2651736799999,11345.317407359998,97.41097809,3662.63611272
TRN-0342,28.6801,34.5847,34.5762,26.7751,15.7586,14.168,20.6559,41.1764,20.871,991.8926544699999,1196.1014740899998,822.54813601,926.0088009699999
TRN-0435,16.7485,20.8459,32.3547,55.9328,10.1249,9.1295,13.6252,42.7239,16.4881,349.13755615,434.55154681,280.51225225,1165.96955552
TRN-0219,31.6478,62.8966,31.4592,47.6283,19.2432,17.5298,24.8905,52.5683,27.1426,1990.53901748,3955.98229156,1001.58324484,2995.6581337800003
TRN-0863,10.732,30.3546,18.0,26.322,6.7881,6.7639,8.8119,71.1859,12.5632,325.7655672,921.40174116,115.17582399999999,798.9937812000001
TRN-0217,12.8841,56.0493,29.0429,48.7273,13.667,16.5939,12.7182,55.1213,17.1996,722.14478613,3141.5240304900003,166.00003281,2731.13105589
TRN-0791,22.6952,45.442,31.1286,36.3539,13.5856,12.7301,17.5582,51.0872,19.3063,1031.3152784,2064.975364,515.07210304,1651.9939238000002
TRN-0993,30.921,107.667,40.2538,39.6437,21.2226,21.4006,26.4027,52.0188,54.5231,3329.171307,11592.182889,956.1082409999999,4268.318247900001
TRN-0481,28.8309,92.0524,22.5305,20.2385,19.4131,18.7107,24.0829,24.1901,34.7951,2653.95353916,8473.644345760002,831.22079481,1863.0024974
TRN-0237,15.926,15.8727,28.8574,49.7271,9.1475,8.3813,12.2518,39.5061,15.0726,252.7886202,251.94260529,253.637476,789.30334017
TRN-0424,31.766,63.1176,34.6055,14.9161,18.9696,17.6123,24.3552,47.8771,27.2886,2004.9936816,3983.8314297600004,1009.0787559999999,941.4684333600001
TRN-0224,22.1138,69.3864,45.2051,24.9273,14.8369,14.9851,18.8101,50.5464,29.6462,1534.39697232,4814.472504959999,489.02015044000007,1729.6156087199997
TRN-0024,17.4295,76.4987,41.6689,49.1177,12.8582,14.1314,15.8929,49.4543,28.5819,1333.3340916500001,5852.05110169,303.78747025,3757.44019699
TRN-0761,8.4072,51.5741,32.3668,9.8077,7.052,8.3476,8.6095,67.879,14.9056,433.59377352,2659.8877908100003,70.68101184,505.82330057
TRN-0551,23.5579,70.8232,32.6027,43.3158,15.7487,24.8572,19.3857,22.1708,26.582,1668.44586328,5015.92565824,554.97465241,3067.76356656
TRN-0768,24.9567,103.8645,43.7261,16.1546,17.6763,13.57855,21.7368,53.8115,49.1874,2592.11516715,10787.83436025,622.8368748900001,1677.8894516999999
TRN-0109,22.871,98.2611,23.1992,7.9469,16.5071,16.9606,20.0505,53.2645,37.4384,2247.3296181,9655.24377321,523.082641,780.87113559
TRN-0873,26.6998,56.1904,35.416,31.4179,16.3946,15.2187,21.3825,41.5613,21.7451,1500.27244192,3157.3610521599994,712.87932004,1765.38436816
TRN-0589,23.5742,80.0256,28.2073,5.4162,15.6847,15.9431,19.5115,52.9688,22.5337,1886.53949952,6404.096655359999,555.74290564,433.43465471999997
TRN-0203,12.9827,26.2827,18.5198,33.0949,8.5219,-0.2015,11.2283,67.3265,13.8386,341.22040928999996,690.78031929,168.55049928999998,869.82332823
TRN-0963,22.0301,29.581,24.2657,46.4353,12.6477,11.2868,16.7821,72.0159,17.5945,651.6723881,875.0355609999999,485.32530601,1373.6026092999998
TRN-0445,21.45,50.8455,34.0144,31.5401,13.5733,13.0423,17.1751,47.7971,19.8208,1090.635975,2585.26487025,460.10249999999996,1603.67215455
TRN-0935,9.4254,88.5794,30.4932,48.8792,9.996,12.1686,18.5332,39.0483,29.1563,834.8962767600001,7846.310104360001,88.83816516,4329.69020848
TRN-0415,19.177,89.8922,38.4577,56.7523,15.2102,15.9875,18.729,36.1364,36.2324,1723.8627194,8080.607620840001,367.75732899999997,5101.58910206
TRN-0209,29.9956,79.3101,32.0155,17.061,18.8294,18.2246,23.9815,35.0363,30.7826,2378.95403556,6290.091962010001,899.73601936,1353.1096161
TRN-0544,27.3237,36.5954,27.8369,36.5974,15.3085,13.4413,19.8104,29.1183,20.0523,999.9217309799999,1339.22330116,746.5845816899999,1339.29649196
TRN-0111,20.1785,19.6058,37.9269,15.0994,11.127,10.1191,14.7335,33.4432,16.8476,395.61563529999995,384.38739363999997,407.17186225,296.03581651999997
TRN-0526,31.4644,29.237,41.6587,52.351,17.3032,15.1398,22.8723,49.0786,22.4432,919.9246628,854.8021689999999,990.00846736,1530.5861869999999
TRN-0940,9.6406,56.2683,24.8761,48.8917,8.3068,9.0676,10.0189,32.4217,15.3632,542.46017298,3166.1215848900006,92.94116835999998,2751.05284311
TRN-0838,31.932,79.8589,32.6147,44.5479,20.6119,19.6283,25.9704,14.6559,32.5568,2550.0543948,6377.443909210001,1019.652624,3557.54629131
TRN-0708,17.9052,36.8289,26.0267,32.4417,10.976,10.3199,14.1071,40.9626,16.3153,659.42882028,1356.3678752099997,320.59618704,1194.7921251299997
TRN-0075,10.6255,33.6857,32.3691,40.2823,7.5093,7.9531,9.6454,54.134,14.8973,357.92740535,1134.7263844899999,112.90125025000002,1356.93747311
TRN-0321,16.4319,106.2896,25.8871,25.654,14.4604,15.843,1.0,69.2522,44.1173,1746.5400782399997,11297.479068159999,270.00733761,2726.7533983999997
TRN-0867,12.4308,52.8897,31.9177,46.884,9.4185,10.1833,11.7055,49.4543,17.0184,657.4612827599999,2797.32036609,154.52478864,2479.6806948
TRN-0416,16.6191,71.8971,38.4489,6.7605,12.0738,13.1961,14.7668,49.4543,25.4373,1194.86509461,5169.192988409999,276.19448481,486.06034454999997
TRN-0188,26.6142,90.5936,48.4553,12.0777,17.7157,18.4443,22.0111,49.4543,43.1445,2411.07618912,8207.20036096,708.31564164,1094.16232272
TRN-0050,11.9381,73.8834,36.8656,56.3173,10.3871,11.833,12.4416,62.0085,25.2323,882.02741754,5458.756795559999,142.51823161000002,4160.91360282
TRN-0150,26.2178,25.4714,35.5228,48.3043,14.3505,12.58,19.1492,42.953,19.5769,667.80407092,648.7922179599999,687.37303684,1230.37814702
TRN-0142,21.3253,74.4008,46.0511,24.5985,14.5831,15.3581,18.2474,47.2732,31.2509,1586.61938024,5535.479040640001,454.76842008999995,1830.1480788000001
TRN-0133,8.076,29.8006,45.4033,12.3513,5.9675,7.1174,7.6489,60.1719,15.0277,240.6696456,888.07576036,65.221776,368.07615078
TRN-0906,25.8413,81.9552,43.1604,47.0577,17.4843,17.531,22.1277,41.4904,34.7399,2117.82890976,6716.65480704,667.77278569,3856.62321504
TRN-0894,9.8798,101.6812,38.8328,20.6455,10.6819,13.5792,12.2654,34.8847,41.2056,1004.5899197599999,10339.06643344,97.61044804,2099.2592145999997
TRN-0944,9.9425,82.4452,35.8081,40.7018,9.6835,11.9735,16.9269,50.8812,27.0719,819.711401,6797.21100304,98.85330625000002,3355.6680413599997
TRN-0030,31.3419,73.0867,33.8379,8.3587,19.2448,18.2686,24.291,54.3545,29.1257,2290.6760427299996,5341.665716889999,982.31469561,610.90979929
TRN-0302,24.9096,36.4844,36.5374,37.3227,14.063,13.0071,18.5927,61.9299,19.6812,908.8118102400001,1331.11144336,620.4881721600001,1361.69631588
TRN-0623,16.5307,105.1387,45.288,58.565,14.3957,16.4442,17.1558,35.4316,50.0012,1738.01630809,11054.14623769,273.26404249,6157.4479655
TRN-0230,17.355,73.8506,31.1921,18.0737,12.7189,13.471,15.6576,56.9299,24.5185,1281.677163,5453.91112036,301.196025,1334.7535892199999
TRN-0060,19.2254,85.8028,25.5407,7.2014,14.0182,14.7872,17.1449,74.0543,28.3885,1649.5931511200001,7362.120487840001,369.61600516000004,617.90028392
TRN-0546,23.5675,93.8871,42.115,39.0131,16.7881,17.4537,20.697,64.5418,40.7055,2212.68422925,8814.787546410002,555.42705625,3662.8268210100005
TRN-0210,30.7343,45.0422,45.8651,6.7379,17.3434,15.8132,22.8473,36.1972,23.9181,1384.34048746,2028.79978084,944.5971964900001,303.48983938
TRN-0893,14.6172,18.3131,44.6837,8.8063,8.0847,8.1434,10.6928,87.7375,16.0594,267.68624532,335.36963160999994,213.66253584,161.27065252999998
TRN-0797,20.8602,47.6941,30.521,34.8513,12.9399,12.4513,16.9269,17.2785,18.6989,994.90846482,2274.7271748099997,435.14794403999997,1662.20138733
TRN-0482,15.4736,30.7634,31.3967,13.3708,9.1938,9.1559,11.9994,33.9757,15.6428,476.02054624,946.38677956,239.43229695999997,411.33126871999997
TRN-0469,9.7518,38.6358,39.6464,44.0459,7.2393,8.3028,9.3167,22.5854,15.7717,376.76859444,1492.7250416400002,95.09760323999998,1701.7485832200002
TRN-0078,30.5467,109.1931,43.2382,33.7685,20.9985,21.4309,25.9315,77.0158,57.4073,3335.48886777,11923.13308761,933.1008808900001,3687.2871973500005
TRN-0240,15.0667,104.1581,36.4027,33.943,13.3738,15.3232,15.8001,51.3264,44.9059,1569.31884527,10848.909795610001,227.00544889000003,3535.4383883
TRN-0787,25.5006,45.3,39.6521,11.5301,14.4892,13.563,18.6989,53.7007,20.2559,1155.17718,2052.0899999999997,650.2806003599999,522.3135299999999
TRN-0658,8.197,36.7874,36.1863,47.6958,6.2612,7.4791,8.1375,47.2552,14.6794,301.54631779999994,1353.3127987599999,67.19080899999999,1754.6044729199998
TRN-0243,11.3687,28.3467,45.6981,56.6098,7.6108,8.0341,9.851,62.3478,16.775,322.26512829,803.5354008899999,129.24733969000002,1604.70101766
TRN-0506,14.2378,29.0391,42.7409,35.8399,8.9455,8.8975,11.729,39.6624,16.2324,413.45289798000005,843.26932881,202.71494884,1040.75844009
TRN-0732,31.7669,86.9219,26.3532,49.2088,20.5981,19.391,25.9812,57.9927,33.7325,2761.23930511,7555.416699609999,1009.1359356099999,4277.32239272
TRN-0489,26.606,74.4996,26.1555,14.439,17.1607,16.5283,21.4351,37.1672,25.8404,1982.1363576,5550.1904001600005,707.8792360000001,1075.6997244
TRN-0842,8.4367,41.2956,39.4313,21.0233,6.7362,7.9235,8.6162,54.0452,14.9845,348.39858852000003,1705.32657936,71.17790689,868.16978748
TRN-0988,21.9567,31.7733,22.7884,5.9133,12.9157,11.382,16.8997,47.4598,16.6707,697.63681611,1009.5425928899999,482.0966748900001,187.88505489
TRN-0721,16.9431,86.3196,27.0104,38.5934,13.4948,14.3679,16.283,65.9021,28.9001,1462.52161476,7451.073344159999,287.06863761000005,3331.36685064
TRN-0646,25.9459,17.3392,44.559,44.8019,13.7463,11.9815,29.9373,48.0835,20.3064,449.8811492800001,300.64785664000004,673.1897268100001,776.8291044800002
TRN-0681,15.4946,24.9221,38.7031,11.3605,9.2215,9.0022,12.0966,51.5528,16.121,386.15797066,621.11106841,240.08262916,283.12751705
TRN-0137,22.2192,100.676,37.4391,56.4213,17.3095,10.6228,21.2274,45.9637,44.5411,2236.9401792000003,10135.656976,493.69284864,5680.2707988
TRN-0474,19.7376,68.2093,24.9525,24.924,13.4189,13.5545,16.9523,56.4578,21.7249,1346.28787968,4652.50860649,389.57285376000004,1700.0485932
TRN-0793,29.9433,90.2695,38.0274,29.5678,13.62775,19.314,24.3668,51.4928,38.8282,2702.96671935,8148.582630249999,896.60121489,2669.0705221
TRN-0300,28.3887,54.9243,24.6385,26.9051,16.6301,15.3415,21.3679,23.2394,21.2878,1559.22947541,3016.6787304900004,805.91828769,1477.74378393
TRN-0096,24.6363,36.24,34.7335,15.5026,13.896,12.6338,18.1854,56.9828,19.1808,892.819512,1313.3376,606.94727769,561.814224
TRN-0399,10.3861,18.7855,32.6305,50.6218,6.3956,6.3908,8.4581,20.3764,13.2902,195.10808155,352.89501025,107.87107321000002,950.9558238999999
TRN-0392,10.1905,67.5579,25.3445,35.5989,9.0985,10.207,10.7316,48.0055,18.7934,688.44877995,4564.069852410001,103.84629025,2404.98692631
TRN-0922,29.8423,23.2777,32.2842,35.1458,16.0758,13.5681,21.498,52.7638,20.4154,694.66010671,541.85131729,890.5628692900001,818.11338866
TRN-0674,10.2641,67.6886,36.7714,5.0434,8.766,10.3713,10.3567,76.1003,21.7744,694.7625592599999,4581.746569959999,105.35174880999998,341.38068524
TRN-0805,15.6191,87.307,31.2849,31.8206,12.6735,13.9206,15.2714,60.0861,30.0341,1363.6567637,7622.512249,243.95628481,2778.1611242
TRN-0849,18.5832,83.5181,42.8469,19.2857,13.6044,14.8572,16.5177,38.1275,31.9025,1552.0335559200003,6975.273027610001,345.33532224000004,1610.70502117
TRN-0720,8.7305,38.7524,42.7652,39.973,6.9272,7.8504,8.7984,39.3478,15.6642,338.3278282,1501.7485057600002,76.22163024999999,1549.0496852
TRN-0244,13.7541,79.6813,23.9523,25.6729,11.413,12.2854,13.6117,77.2696,23.4988,1095.9445683299998,6349.109569689999,189.17526680999998,2045.6500467699998
TRN-0584,14.8001,41.6142,34.1941,23.5459,9.4725,9.6892,11.9039,71.7649,16.9156,615.89432142,1731.7416416399997,219.04296001,979.84379178
TRN-0393,22.8787,26.2566,33.3296,26.8598,12.6389,11.2659,16.9462,36.961,18.0061,600.71687442,689.40904356,523.4349136899999,705.24702468
TRN-0046,12.6004,70.012,26.6228,27.805,10.1212,11.1769,11.9567,43.7905,20.5183,882.1792048000001,4901.680144,158.77008016000002,1946.68366
TRN-0055,13.7835,22.704,46.1581,56.4581,8.6208,8.5332,11.4585,31.2953,18.0216,312.940584,515.471616,189.98487225,1281.8247024
TRN-0040,30.7001,21.7619,23.3392,38.6122,16.4355,8.515,22.2017,59.9267,19.5066,668.09250619,473.58029161,942.49614001,840.2748351800001
TRN-0604,29.1572,28.9227,36.6761,40.8287,16.2795,7.4881,21.7575,56.1516,21.4041,843.30494844,836.52257529,850.1423118399999,1180.87624149
TRN-0383,19.269,79.1736,31.6065,46.7932,14.3271,14.7891,17.4732,49.4543,27.4728,1525.5960983999998,6268.458936959999,371.2943609999999,3704.7860995199994
TRN-0631,16.4187,61.9808,30.0559,32.3224,12.0878,12.3883,16.9269,29.1391,18.9129,1017.6441609600001,3841.61956864,269.57370969000004,2003.3682099200003
TRN-0596,14.7864,22.9753,32.572,55.831,8.9076,8.5735,11.5828,49.4543,16.1452,339.72197592000003,527.86441009,218.63762496,1282.7339743
TRN-0954,9.0295,82.9809,39.0311,45.0216,9.3595,11.461,11.1991,41.8283,28.6045,749.2760365500001,6885.829764810001,81.53187025000001,3735.9328874400003
TRN-0069,10.6599,55.4415,45.4533,57.3204,8.7772,10.33,10.7495,50.0292,18.0376,591.00084585,3073.75992225,113.63346801,3177.9289565999998
TRN-0195,14.6346,44.3665,26.2526,39.6835,10.1485,10.0617,12.6422,48.8083,15.6746,649.2859809,1968.3863222500001,214.17151716,1760.6180027500002
TRN-0104,19.0061,71.4244,23.5275,37.0969,13.4861,13.6011,16.8051,48.3686,21.7428,1357.4992888400002,5101.444915360001,361.23183721,2649.62382436
TRN-0751,11.0406,64.0415,40.4972,35.006,9.1935,10.7225,11.2221,46.527,22.9613,707.0565849,4101.31372225,121.89484835999998,2241.836749
TRN-0537,18.6335,82.6128,23.4196,29.3012,13.8318,14.213,16.8344,51.8193,26.1312,1539.3656088,6824.874723839999,347.20732225000006,2420.65417536
TRN-0348,18.6216,39.1216,29.5936,25.5068,10.9669,10.4217,13.9351,53.0223,17.3091,728.50678656,1530.4995865600001,346.76398656000003,997.86682688
TRN-0730,15.3273,38.6999,49.7777,59.2633,10.4496,10.8623,13.4307,39.9543,22.7637,593.16497727,1497.68226001,234.92612529,2293.48378367
TRN-0961,25.6003,45.6984,36.3889,34.2858,15.3215,14.1184,19.8526,55.4214,20.6785,1169.89274952,2088.34376256,655.3753600900001,1566.80620272
TRN-0818,31.0474,62.9038,35.1896,55.5623,19.3378,17.6333,25.0756,55.3385,28.5424,1952.99944012,3956.8880544399995,963.94104676,3495.0798067399996
TRN-0794,14.4618,61.9058,19.4627,33.2112,11.0829,11.4122,13.8348,34.7131,16.3831,895.2692984400001,3832.3280736399997,209.14365924,2055.96590496
TRN-0488,9.8739,48.5443,43.9823,34.3589,7.7772,9.2292,9.8748,83.8846,16.7146,479.32156377,2356.54906249,97.49390121000002,1667.92874927
TRN-0577,26.2007,23.6865,40.4527,22.249,14.2341,12.3775,18.9363,43.5085,19.5382,620.60288055,561.0502822499999,686.47668049,527.0009385
TRN-0388,15.6353,93.2888,38.4491,16.0241,12.4655,14.2449,15.0064,52.6342,35.8424,1458.59837464,8702.800205439999,244.46260609000004,1494.86906008
TRN-0490,22.4352,87.399,34.984,8.6671,21.8695,16.3441,19.4985,66.3187,33.2397,1960.8140448,7638.585201,503.33819903999995,757.4958729
TRN-0774,13.1669,55.9826,37.9946,32.6052,9.6036,10.6482,12.0089,51.8564,17.6295,737.11729594,3134.05150276,173.36725561,1825.32386952
TRN-0590,19.0194,19.1802,35.4244,47.6908,10.8729,9.8968,14.7725,63.4353,17.0471,364.79589588,367.88007203999996,361.73757636000005,914.71908216
TRN-0968,16.2319,44.2376,28.252,32.7977,10.808,1.0,13.7394,58.1263,17.1679,718.06029944,1956.96525376,263.47457761,1450.89153352
TRN-0601,15.4779,79.9642,26.6642,23.6025,12.3091,13.4402,14.9589,32.7272,25.3258,1237.6778911800002,6394.273281640001,239.56538841,1887.3550305
TRN-0694,12.362,80.5709,36.3399,24.5401,10.7301,12.2892,12.8727,46.5269,26.5544,996.0174658,6491.669926809999,152.819044,1977.2179430899998
TRN-0996,25.2864,105.1935,21.2535,30.031,18.4286,18.6152,22.6584,44.7668,44.5171,2659.9649184,11065.67244225,639.4020249600001,3159.0659984999998
TRN-0550,28.8379,92.9334,31.6963,6.1701,19.1578,19.1947,24.0263,68.1967,38.0388,2680.0040958600002,8636.61683556,831.62447641,573.40837134
TRN-0362,26.0027,31.8043,38.6549,39.2623,14.4526,12.9979,18.9192,41.6736,20.6107,826.9976716100001,1011.5134984900001,676.1404072900001,1248.7099678900001
TRN-0403,14.602,90.8334,34.272,23.6169,12.1854,13.8431,14.3235,48.328,32.9934,1326.3493068,8250.70655556,213.21840400000002,2145.20332446
TRN-0895,13.303,23.5239,36.4808,54.2996,8.24,8.2477,11.1047,60.4973,15.8924,312.93844170000006,553.3738712100001,176.96980900000003,1277.33836044
TRN-0710,14.9713,90.0616,47.0818,58.286,13.306,15.1173,16.1489,49.4095,38.455,1348.3392320799999,8111.0917945599995,224.13982369,5249.3304176
TRN-0081,15.3642,103.1518,32.9891,37.3924,13.7518,15.742,16.2821,60.6418,22.2325,1584.84488556,10640.293843239999,236.05864164000002,3857.09336632
TRN-0505,27.9057,79.2635,35.0412,51.9587,18.3341,18.1298,22.974,50.8913,31.4153,2211.9034519499996,6282.702432249999,778.72809249,4118.42841745
TRN-0671,22.0527,73.0502,31.3211,59.7622,15.2807,15.2178,18.7654,49.4543,26.3962,1610.9541455400001,5336.331720040001,486.32157729000005,4365.640662440001
TRN-0923,20.3823,81.3954,43.0469,42.3267,14.7449,15.4901,17.9001,68.6376,31.9883,1659.02546142,6625.211141159999,415.43815329,3445.19867718
TRN-0456,16.2823,42.0499,42.1286,55.2509,10.933,11.001,14.1658,34.9553,18.4806,684.66908677,1768.19409001,265.11329329,2323.29481991
TRN-0864,17.7488,98.5119,38.5198,30.0701,14.3138,15.8699,17.2717,65.6793,41.152,1748.46801072,9704.59444161,315.01990143999996,2962.26268419
TRN-0728,12.9937,91.5476,34.1973,59.2556,11.6285,13.3281,13.6989,39.3368,33.532,1189.54205012,8380.963065760001,168.83623969,5424.70796656
TRN-0795,19.6172,75.9294,47.4861,24.8512,14.0893,15.1071,17.4548,11.4004,32.7368,1489.52222568,5765.27378436,384.83453584,1886.9367052799998
TRN-0339,19.8769,88.9244,43.516,5.905,14.5352,15.9001,18.022,47.0218,35.8431,1767.54140636,7907.548915360001,395.09115361,525.0985820000001
TRN-0755,10.3894,48.2646,38.2092,52.4993,8.0078,9.087,1.0,55.6166,16.6688,501.44023524000005,2329.4716131600003,107.93963236,2533.85771478
TRN-0926,27.2448,94.7248,46.3557,8.5644,18.461,18.9053,23.0699,55.0239,44.069,2580.7582310400003,8972.78773504,742.27912704,811.26107712
TRN-0340,15.9289,42.4987,37.1452,21.9601,10.0484,10.4299,13.1923,47.0975,17.1411,676.95754243,1806.1395016899999,253.72985521,933.27570187
TRN-0624,21.2688,60.1272,41.6207,7.4565,13.4904,13.7243,17.1971,63.1803,20.5506,1278.83339136,3615.28017984,452.36185343999995,448.33846680000005
TRN-0985,31.1523,68.3503,25.5586,59.5274,19.4935,17.927,24.8405,47.4029,26.3345,2129.2690506900003,4671.763510090001,970.4657952900001,4068.7156482200003
TRN-0860,24.0826,100.8102,38.7076,45.2535,17.6853,18.6204,21.645,52.8524,45.3171,2427.77172252,10162.69642404,579.97162276,4562.0143857
TRN-0560,16.1905,108.6933,41.8279,25.9057,14.0794,16.4719,16.642,45.5852,50.7461,1759.79887365,11814.233464889998,262.13229025,2815.7760218099997
TRN-0811,9.9206,20.4528,30.4694,39.4752,6.1355,6.2873,7.9233,49.787,13.4197,202.90404768,418.31702784,98.41830436000001,807.37837056
TRN-0395,22.5343,64.3109,38.331,33.4681,14.7128,14.8326,18.3668,42.5264,26.0598,1449.2011138700002,4135.8918588100005,507.7946764900001,2152.36363229
TRN-0839,17.7608,75.605,32.4239,44.923,9.5081,18.8042,16.0689,59.2908,26.1826,1342.805284,5716.116025,315.44601664,3396.403415
TRN-0779,25.1402,21.4874,30.0153,21.5418,13.418,11.7585,17.7983,42.8532,17.9676,540.1975334800001,461.70835876000007,632.02965604,462.87727332
TRN-0543,31.2911,105.0903,31.7883,17.9763,21.0594,20.9426,26.2067,40.3385,49.5902,3288.39108633,11043.97115409,979.13293921,1889.1347598899997
TRN-0158,12.482,83.5838,47.1746,30.2478,10.9729,13.2646,13.0821,47.6153,33.0264,1043.2929915999998,6986.25162244,155.800324,2528.22606564
TRN-0799,30.8482,39.4561,32.0324,45.0936,17.3909,15.3215,22.5071,40.493,21.9518,1217.1496640199998,1556.78382721,951.6114432399999,1779.21759096
TRN-0946,13.2616,50.6899,55.0,49.9586,9.9141,11.1639,12.718,51.5653,31.2415,672.22917784,2569.46596201,175.87003456,2532.39643814
TRN-0927,29.9956,79.3101,32.0155,17.061,18.8294,18.2246,23.9815,35.0363,22.272,2378.95403556,6290.091962010001,899.73601936,1353.1096161
TRN-0952,19.9942,26.8465,29.7538,57.0471,11.6796,10.6768,15.1548,40.8558,17.1858,536.7742903,720.73456225,399.76803364,1531.51497015
TRN-0608,23.0912,102.831,33.9404,27.2584,17.0564,18.1608,20.6736,35.8498,45.0975,2374.4911872000002,10574.214561,533.20351744,2803.0085304000004
TRN-0212,28.1417,37.9691,30.4029,8.6425,15.5882,13.9026,20.4289,63.8414,19.7482,1068.51502147,1441.6525548099999,791.95527889,328.14794674999996
TRN-0480,27.322,76.3904,41.6053,33.0416,17.5094,17.3568,22.1297,45.2954,31.3074,2087.1385087999997,5835.4932121599995,746.491684,2524.06104064
TRN-0904,27.5889,104.0795,31.2045,10.8247,19.3299,19.5557,23.7529,57.4735,46.9314,2871.4389175499996,10832.542320249999,761.14740321,1126.62936365
TRN-0607,31.6984,85.383,34.2637,43.8615,20.6039,19.7762,26.059,39.3149,35.5228,2706.5044872,7290.256688999999,1004.78856256,3745.0264544999995
TRN-0855,18.223,90.6313,43.6143,44.7851,14.0844,15.6534,17.2858,55.8555,37.0514,1651.5741798999998,8214.032539689999,332.077729,4058.93183363
TRN-0879,11.3702,44.4605,35.0734,18.8139,7.6823,8.5735,9.4497,32.7382,15.8432,505.52477710000005,1976.7360602500003,129.28144804000001,836.4754009500001
TRN-0667,20.5759,66.0268,39.7271,8.0398,13.5048,14.0092,16.7079,49.4543,25.1861,1358.56083412,4359.538318239999,423.36766081,530.8422666399999
TRN-0232,25.2036,28.9334,44.802,5.7853,13.8939,12.7363,18.2984,27.0032,20.0864,729.22584024,837.1416355599999,635.2214529600001,167.38839902
TRN-0299,10.8536,90.8684,43.7084,46.912,10.7011,13.351,12.6556,36.3631,34.8475,986.24926624,8257.066118559998,117.80063296,4262.818380799999
TRN-0629,14.2988,42.785,24.3751,19.3489,9.2957,9.3953,11.7582,36.5274,14.9091,611.7741579999999,1830.5562249999998,204.45568144,827.8426864999999
TRN-0858,12.0426,90.9269,41.1424,58.8622,11.5075,13.5628,13.7263,25.9471,35.2273,1094.99628594,8267.70114361,145.02421476,5352.15737318
TRN-0994,31.479,66.1376,36.8939,37.3446,19.2898,18.0916,25.1163,49.7064,29.066,2081.9455104000003,4374.18213376,990.9274409999999,2469.8822169600003
TRN-0306,12.0896,66.764,43.546,58.8661,10.5087,11.768,12.7788,48.0543,25.4666,807.1500544,4457.431696,146.15842816000003,3930.1363004
TRN-0654,30.356,29.8437,35.6745,25.3967,16.4481,14.2943,21.8471,51.0801,21.3468,905.9353572,890.6464296899999,921.4867360000001,757.93149579
TRN-0917,20.7858,80.9429,23.3754,28.3602,14.7805,15.0026,17.928,50.4003,26.1378,1682.4629308199997,6551.753060409999,432.04948163999995,2295.5568325799995
TRN-0231,8.9741,73.6868,34.6765,46.3911,9.1534,10.9602,11.1196,54.2336,23.0156,661.2727118800001,5429.744494240001,80.53447081,3418.41170748
TRN-0460,13.0325,36.4353,31.118,31.2438,8.8575,9.0498,11.462,46.7658,15.5132,474.84304725,1327.53108609,169.84605625,1138.37722614
TRN-0492,26.974,109.1412,35.2551,20.336,19.3928,19.9942,23.712,49.4724,53.2122,2943.9747288,11911.80153744,727.596676,2219.4954432
TRN-0825,14.2264,65.2297,43.697,14.8851,10.7876,12.0693,13.4388,52.6319,24.4596,927.9838040799999,4254.913762089999,202.39045696,970.9506074699999
TRN-0279,28.1433,53.0824,26.9006,24.9433,16.5775,15.0595,21.2309,39.2582,20.5945,1493.91390792,2817.74118976,792.04533489,1324.05022792
TRN-0580,20.7178,87.4295,35.0108,32.2177,15.2348,16.1487,18.891,37.4758,33.0419,1811.3468951000002,7643.91747025,429.22723684000005,2816.7774021500004
TRN-0992,20.0663,24.483,20.4949,24.4851,11.0659,9.547,14.6624,45.0741,15.1198,491.28322289999994,599.417289,402.65639568999995,599.4687033
TRN-0934,28.9521,51.5316,32.3843,17.1933,17.032,15.6461,22.026,46.7956,21.7565,1491.94803636,2655.5057985599997,838.2240944100001,885.99825828
TRN-0639,11.2055,43.5114,28.9708,11.36,7.9908,8.2359,9.713,27.978,14.831,487.56699270000007,1893.24192996,125.56323025000002,494.289504
TRN-0925,13.0887,88.1928,20.6398,53.3602,11.8486,13.1677,14.1438,49.4543,27.0547,1154.32910136,7777.969971840001,171.31406768999997,4705.98544656
TRN-0248,31.1702,18.7008,31.3748,17.3117,16.3683,13.5779,21.9244,29.7631,19.7809,582.90767616,349.71992064000005,971.58136804,323.74263936
TRN-0603,8.8562,61.272,41.5147,49.39,8.24,10.1728,10.0057,52.6683,17.5078,542.6370863999999,3754.257984,78.43227843999999,3026.22408
TRN-0331,11.7783,61.7532,36.1857,44.4969,9.8411,11.0247,12.0563,42.2089,17.8132,727.34771556,3813.45771024,138.72835089,2747.8259650799996
TRN-0880,14.3554,80.7277,36.6894,42.2005,11.6525,12.9311,14.0514,43.5984,27.8627,1158.87842458,6516.9615472899995,206.07750915999998,3406.7493038499997
TRN-0957,13.6601,20.7979,28.9273,8.7786,7.6502,7.3796,9.8889,49.1654,13.8318,284.10139379,432.5526444099999,186.59833201,182.57644494000002
TRN-0049,16.6379,22.9675,37.3504,24.5539,9.2704,8.9039,12.3042,61.3833,18.2907,382.13096824999997,527.50605625,276.81971640999996,563.94169825
TRN-0672,10.4017,94.176,42.7809,47.8004,10.658,13.2771,12.2693,48.7245,36.7346,979.5904992000001,8869.118976,108.19536289,4501.650470400001
TRN-0149,30.0603,30.6259,45.1385,20.2957,16.4249,14.5254,22.0025,63.7675,22.5606,920.62374177,937.94575081,903.62163609,621.57407863
TRN-0043,26.7385,70.3804,36.3881,33.2994,17.2828,16.7397,21.7568,56.2922,28.2093,1881.8663253999998,4953.400704159999,714.9473822499999,2343.6250917599996
TRN-0475,8.4407,29.3713,26.736,15.0339,5.5953,6.0394,7.1674,56.8469,12.4217,247.91433191000002,862.6732636900001,71.24541649,441.56518707
TRN-0094,20.2004,33.8246,42.3345,56.0389,12.275,11.9758,16.3095,46.8705,19.4108,683.2704498399999,1144.1035651599998,408.05616015999993,1895.4933769399997
TRN-0699,25.3968,42.5781,45.648,32.0126,14.7369,14.0347,19.4984,26.1358,21.9877,1081.34749008,1812.89459961,644.9974502399999,1363.03568406
TRN-0429,18.2082,87.8108,29.2494,47.7102,14.4553,15.2315,17.5997,68.9768,31.3554,1598.8766085600002,7710.73659664,331.53854724000007,4189.47083016
TRN-0222,8.156,109.6769,19.718,56.7778,10.701,13.1576,11.8038,53.4784,43.3669,894.5247964000001,12029.022393610001,66.52033600000001,6227.21309282
TRN-0942,19.2054,107.1021,18.0,5.8085,15.358,16.4014,25.0,52.6974,42.6685,2056.93867134,11470.859824409998,368.84738916000003,622.10254785
TRN-0606,20.5377,78.2359,45.0899,11.444,14.2227,15.1222,17.7694,61.2312,31.1359,1606.78544343,6120.85604881,421.79712129000006,895.3316396000001
TRN-0657,10.1548,78.9897,19.9993,20.4257,9.6,10.9935,11.063,49.5939,20.3016,802.12460556,6239.37270609,103.11996304,1613.4199152899998
TRN-0465,14.5587,27.9441,37.8851,26.3035,8.8334,8.649,11.501,65.7546,15.6287,406.82976866999996,780.8727248099999,211.95574569,735.02763435
TRN-0197,14.2408,105.479,30.9985,30.0336,13.0315,14.9384,15.307,57.4108,43.6497,1502.1053432,11125.819441,202.80038464,3167.9140944
TRN-0824,8.0753,73.0359,34.8506,57.1359,8.5944,10.5842,9.8138,40.2737,23.1994,589.7868032700001,5334.24268881,65.21047009,4172.97187881
TRN-0564,15.1124,15.9033,29.8045,46.0193,8.8306,7.8828,11.7593,38.4735,15.0896,240.33703092,252.91495089,228.38463375999999,731.85873369
TRN-0359,11.9906,47.9505,29.2309,20.6433,8.6461,9.3415,11.1253,55.158,15.3801,574.9552653,2299.2504502499996,143.77448836000002,989.85655665
TRN-0005,31.7051,81.847,21.9615,30.4523,20.2277,25.4034,25.5256,43.5755,29.9111,2594.9673196999997,6698.931408999999,1005.2133660100001,2492.4293981
TRN-0682,22.2018,29.935,38.0634,19.593,12.7022,11.7903,0.0,45.4414,18.6498,664.610883,896.1042249999999,492.91992323999995,586.516455
TRN-0011,10.0962,75.7603,26.4536,6.7376,9.2036,10.7256,10.7899,40.4481,20.9826,764.89114086,5739.62305609,101.93325444,510.44259728
TRN-0753,11.4114,83.2642,29.5597,22.0587,10.3796,12.1992,12.4018,45.845,26.0354,950.1610918800001,6932.9270016400005,130.22004996,1836.7000085400002
TRN-0610,17.4596,49.3322,31.8449,47.1965,11.9265,11.6705,15.3176,17.9856,18.4186,861.32047912,2433.66595684,304.83763215999994,2328.3071773
TRN-0752,27.5321,104.1348,19.8537,20.3276,18.9002,18.7125,22.945,53.9321,43.4268,2867.04972708,10844.05657104,758.01653041,2116.81056048
TRN-0472,30.5658,68.7743,28.8329,18.2417,18.7264,17.2179,23.8314,49.7545,26.4916,2102.14149894,4729.904340489999,934.26812964,1254.5601483100002
TRN-0625,9.9363,72.7565,28.4236,57.0454,9.2928,10.7725,11.2855,60.3008,21.489,722.93041095,5293.5082922500005,98.73005768999998,4150.423645100001
TRN-0516,25.6953,78.0962,33.7458,10.1444,16.9421,16.6385,21.2893,40.3443,29.074,2006.7052878599998,6099.0164544399995,660.24844209,792.2390912799999
TRN-0192,16.625,65.7594,25.9257,51.4749,12.474,12.7318,15.4054,44.6741,21.2644,1093.250025,4324.29868836,276.390625,3384.95853906
TRN-0593,12.9218,79.841,18.253,11.1248,10.3988,11.397,12.3804,63.657,20.6349,1031.6894338,6374.585280999999,166.97291524,888.2151567999999
TRN-0989,10.767,88.2289,31.8686,9.0143,10.0355,12.2805,11.6549,35.0607,28.7248,949.9605662999999,7784.338795209999,115.92828899999999,795.32177327
TRN-0345,13.1113,42.1604,32.3812,21.9573,9.0446,9.4425,11.199,45.4795,15.9588,552.7776525200001,1777.4993281600002,171.90618769,925.7285509200001
TRN-0972,9.2753,83.9534,36.9842,8.8285,8.9458,11.4295,10.3373,47.968,27.14,778.69297102,7048.17337156,86.03119009,741.1825919
TRN-0611,24.2081,49.7246,37.6504,49.9756,15.0106,13.9152,19.7526,44.456,21.0417,1203.7380892600002,2472.53584516,586.03210561,2485.0167197600003
TRN-0387,22.1857,108.7758,46.1122,9.3895,16.6736,18.3914,20.4109,42.2442,54.9288,2413.26726606,11832.174665640001,492.20528449000005,1021.3503741000001
TRN-0739,25.8255,92.7611,21.4121,43.8191,18.0762,17.7884,22.3099,49.4543,34.6014,2395.6017880500003,8604.62167321,666.9564502500001,4064.70791701
TRN-0385,21.4684,24.2074,51.1547,9.6704,4.2763,11.1726,15.5607,34.8294,24.3642,519.69414616,585.99821476,460.89219855999994,234.09524096
TRN-0750,29.7969,106.9523,26.6934,41.0805,24.0889,26.7829,26.1942,58.5502,49.6786,3186.84698787,11438.794475289998,887.8552496100001,4393.65396015
TRN-0903,13.3298,38.8389,36.8858,41.6901,8.9888,9.1864,11.3527,45.5143,16.0267,517.7147692200001,1508.4601532100003,177.68356804,1619.19762489
TRN-0738,29.8147,87.4272,30.4699,31.5319,19.7454,18.994,24.7047,50.4352,34.8402,2606.61573984,7643.51529984,888.91633609,2756.74572768
TRN-0282,19.8436,19.3347,26.5655,38.0176,11.1156,9.505,14.7531,76.5468,16.3934,383.67005292,373.8306240900001,393.76846095999997,735.0588907200001
TRN-0291,30.2047,71.6651,36.8927,13.263,16.0347,24.0258,23.2583,42.36,28.7441,2164.6228459699996,5135.886558009999,912.3239020899999,950.4942212999999
TRN-0778,16.604,61.3112,28.0844,31.8997,11.5426,11.8832,14.3926,45.6454,17.9512,1018.0111648,3759.0632454399997,275.692816,1955.8088866399999
TRN-0484,28.1256,35.4388,27.763,31.9165,15.7323,13.6462,20.7239,46.9256,20.0187,996.7375132799999,1255.9085454400001,791.0493753599999,1131.0824602
TRN-0466,17.4179,59.3084,41.5584,39.7374,12.1441,12.6869,15.4975,69.6562,19.8007,1033.02778036,3517.4863105599998,303.38324041,2356.76161416
TRN-0164,8.6726,39.93,24.607,16.2767,6.5397,7.3449,8.0776,48.1796,13.716,346.29691799999995,1594.4049,75.21399075999999,649.9286310000001
TRN-0643,19.421,64.6782,36.3881,37.1871,13.2121,13.4758,16.7204,51.2379,24.5014,1256.1153222,4183.269555240001,377.17524099999997,2405.19469122
TRN-0822,18.6213,87.9184,42.9191,47.5586,14.297,15.3358,17.123,42.1204,35.5169,1637.1549019200002,7729.6450585600005,346.75281369000004,4181.27601824
TRN-0981,10.7595,105.278,24.2426,52.1488,11.62,13.9275,13.3055,59.7584,41.5242,1132.738641,11083.457284000002,115.76684024999999,5490.121366400001
TRN-0908,27.8591,102.5299,53.6441,24.494,19.5418,20.3744,24.2225,67.1528,61.5848,2856.39073709,10512.380394009999,776.1294528100001,2511.3673706
TRN-0619,26.3233,46.2621,33.3481,11.6472,15.1545,14.1351,19.8306,55.0993,20.4688,1217.77113693,2140.18189641,692.91612289,538.82393112
TRN-0725,8.1896,17.9727,30.2487,21.0372,5.1127,5.1157,6.9266,53.0493,12.1006,147.18922392000002,323.01794529,67.06954816000001,378.09528443999994
TRN-0027,13.0095,81.6662,36.1891,30.9851,10.9107,12.4719,13.212,41.6236,27.5462,1062.4364289,6669.368222440001,169.24709024999999,2530.43537362
TRN-0977,30.4893,66.2271,30.3915,20.2387,18.5269,17.2667,23.8067,28.6405,26.2595,2019.2179200299997,4386.028774409999,929.59741449,1340.35040877
TRN-0846,21.304,76.9652,36.8208,32.1562,14.8184,15.2216,18.4954,46.6681,28.84,1639.6666207999997,5923.6420110399995,453.86041599999993,2474.9083642399996
TRN-0802,27.5341,71.2459,40.3411,26.0415,13.62775,16.6662,21.4988,30.8119,29.7294,1961.6917351900001,5075.978266810001,758.12666281,1855.3501048500002
TRN-0613,28.6824,17.4567,31.8156,44.5882,15.2978,12.6121,20.6883,30.8928,19.9859,500.70005208000003,304.73637489000004,822.68006976,778.3628309400001
TRN-0375,24.5231,33.6836,33.5914,39.5702,14.0647,12.4138,18.4652,43.0798,19.3717,826.0262911599999,1134.58490896,601.38243361,1332.86678872
TRN-0567,30.1268,104.773,33.1834,28.274,20.8195,20.8039,25.8688,33.5798,49.668,3156.4752163999997,10977.381528999998,907.62407824,2962.351802
TRN-0661,12.8536,40.5512,40.5286,13.2647,8.3338,9.0615,10.5083,45.9673,16.2105,521.22890432,1644.39982144,165.21503296,537.89950264
TRN-0861,17.8071,15.9379,32.8941,21.6395,9.3956,8.4354,12.5726,70.5344,15.1523,283.80777909,254.01665641000002,317.09281040999997,344.88818705000006
TRN-0638,9.6614,48.9719,44.3368,45.4107,7.8401,9.2749,9.8958,69.2487,16.9161,473.13711466,2398.2469896099997,93.34264996,2223.84825933
TRN-0514,26.955,45.9404,34.6901,13.1187,15.7412,14.3547,20.4262,54.4091,20.7535,1238.3234819999998,2110.5203521599997,726.5720249999999,602.67832548
TRN-0259,23.0657,42.911,38.0517,39.6462,13.8359,12.9469,17.9174,63.5056,20.3868,989.7722527,1841.3539210000001,532.02651649,1701.2580882
TRN-0933,17.3708,23.4709,18.735,59.2931,10.2461,25.0,13.3719,57.3816,14.744,407.70830972,550.88314681,301.74469264,1391.6624207900002
TRN-0785,29.2826,95.2054,38.905,21.6583,19.4396,19.4103,24.0824,44.8928,41.8587,2787.86164604,9064.06818916,857.4706627599999,2061.98711482
TRN-0571,13.3798,108.8273,47.6743,39.2389,12.902,15.7407,14.9064,41.0039,54.0826,1456.0875085399998,11843.381225289999,179.01904803999997,4270.26354197
TRN-0101,27.1641,67.3367,30.467,27.2513,16.6269,15.7919,20.9665,17.2228,25.5682,1829.1408524699998,4534.231166889999,737.8883288100001,1835.0126127099998
TRN-0308,23.1844,42.4018,45.5385,31.0286,13.9486,13.2804,18.2066,50.251,21.1597,983.06029192,1797.91264324,537.51640336,1315.66849148
TRN-0447,9.8677,61.8151,26.3059,40.8132,8.7661,9.7498,10.4597,49.9564,16.3916,609.97286227,3821.10658801,97.37150328999998,2522.87203932
TRN-0354,19.99,35.7008,43.5281,16.9993,12.0356,11.3939,15.8399,48.0139,18.4616,713.658992,1274.54712064,399.60009999999994,606.8886094400001
TRN-0719,9.0559,36.9234,28.2051,39.725,6.465,6.9443,7.9157,57.0223,13.4854,334.37461806,1363.33746756,82.00932481,1466.782065
TRN-0517,14.5943,18.3444,38.0527,7.3834,8.2053,8.0438,10.9748,48.0008,14.8727,267.72367692,336.51701136,212.99359249000003,135.44404296
TRN-0956,26.9366,106.6938,40.8469,10.7934,19.0883,19.8202,23.5776,47.948,52.2691,2873.9682130799997,11383.566958439998,725.5804195599999,1151.58886092
TRN-0200,21.7524,47.4856,43.3585,56.2893,13.7971,13.4394,17.6142,20.2815,20.8623,1032.92576544,2254.88220736,473.1669057600001,2672.9311840799996
TRN-0463,11.7153,40.6516,40.7035,20.2729,8.0814,25.0,10.1953,47.6679,15.7596,476.24568948,1652.5525825600002,137.24825409,824.12582164
TRN-0356,29.124,78.6573,36.577,47.4556,19.0017,18.243,23.8741,45.6223,32.4715,2290.8152052,6186.970843290001,848.207376,3732.72936588
TRN-0464,26.9782,71.2716,36.2753,47.2463,17.4268,16.95,22.1196,59.2423,28.6182,1922.7794791200004,5079.640966560001,727.82327524,3367.31939508
TRN-0052,23.8697,58.5274,22.4135,38.1949,15.3019,14.3016,19.6015,73.5974,19.7674,1397.0314797800002,3425.45655076,569.76257809,2235.44819026
TRN-0737,25.7107,30.5152,20.798,16.0054,17.9853,20.3833,18.9732,50.4902,17.8267,784.56715264,931.17743104,661.04009449,488.40798208000007
TRN-0549,19.3856,40.9572,26.762,34.7739,11.8918,11.2905,15.3304,44.0042,17.3213,793.97989632,1677.49223184,375.80148736,1424.2415770799998
TRN-0431,8.7941,46.5597,28.1436,40.9888,7.2282,8.1459,8.883,59.0783,14.773,409.45065777,2167.80566409,77.33619481000001,1908.42623136
TRN-0565,28.6246,31.4712,26.8085,33.8995,16.1176,13.8494,21.1833,47.6235,20.1548,900.85051152,990.43642944,819.3677251600001,1066.8579444000002
TRN-0660,30.2971,62.8955,39.7843,12.227,18.4755,17.1061,23.7531,51.6632,28.9021,1905.55125305,3955.84392025,917.91426841,769.0232785
TRN-0834,29.9178,27.4687,35.7858,58.4409,16.4282,13.9856,21.5831,49.4543,21.1305,821.8030728599999,754.5294796899999,895.07475684,1605.2955498299998
TRN-0887,30.0954,88.0704,42.4991,11.1092,19.2774,19.2312,24.2806,35.2746,38.4158,2650.5139161600005,7756.395356160001,905.73310116,978.39168768
TRN-0336,27.8382,99.9421,33.3912,50.5934,19.2433,19.334,23.8428,53.5263,44.1841,2782.20816822,9988.42335241,774.9653792400001,5056.41064214
TRN-0023,22.4988,39.379,38.3371,24.9876,13.1943,12.3976,17.2618,37.9205,19.4098,885.9802451999999,1550.7056409999998,506.19600144,983.9867004
TRN-0305,18.9752,39.1127,26.3426,46.8886,11.9802,1.0,15.6456,31.5284,17.5207,742.17130504,1529.8033012899998,360.05821504000005,1833.9397452199996
TRN-0536,22.9458,45.7975,30.2669,21.8424,13.6546,12.8831,17.8131,49.1447,18.926,1050.8602755,2097.41100625,526.5097376399999,1000.327314
TRN-0261,18.2851,75.3805,29.9432,58.338,13.6212,14.0408,16.7649,51.2372,25.316,1378.33998055,5682.2197802499995,334.34488201,4397.547609
TRN-0271,23.8412,94.0763,38.9754,13.1617,16.5737,17.2782,20.4146,30.579,39.3592,2242.89188356,8850.350221690001,568.40281744,1238.20403771
TRN-0827,12.4842,86.4182,28.5048,20.0729,11.1338,12.8196,13.3905,38.961,27.8574,1078.86209244,7468.10529124,155.85524963999998,1734.66388678
TRN-0148,11.8673,90.6809,39.2761,29.6365,7.3021,8.4665,12.8879,42.136,33.6087,1076.1374445699998,8223.02562481,140.83280929,2687.46449285
TRN-0916,15.83,22.3854,29.3857,34.8222,9.3427,8.7621,12.3496,43.3537,15.4539,354.360882,501.10613316,250.5889,779.5088758800001
TRN-0691,16.0726,89.5872,44.0183,27.2199,13.0883,14.6408,15.8388,43.9082,35.129,1439.89923072,8025.866403839999,258.32847076,2438.55462528
TRN-0915,15.1802,54.6068,48.181,36.2376,10.7723,11.6684,13.9383,46.0319,21.2765,828.9421453599999,2981.90260624,230.43847203999997,1978.8193756800001
TRN-0497,22.7015,51.4484,30.3053,42.1301,14.3641,13.524,18.3201,67.2977,19.733,1167.9558525999998,2646.9378625599998,515.35810225,2167.52623684
TRN-0178,19.3405,100.3808,33.8958,5.6278,14.7691,16.3752,17.6476,40.5108,41.2567,1941.4148623999997,10076.305008639998,374.05494024999996,564.9230662399999
TRN-0327,28.9693,67.2789,26.4722,52.5104,18.1773,16.9927,23.2303,39.4128,25.7542,1949.0226377699998,4526.450385209999,839.22034249,3532.8419505599995
TRN-0856,26.9065,91.7012,35.2636,56.763,15.1083,23.7716,23.0638,67.0168,38.1997,2467.3583378000003,8409.11008144,723.9597422500001,5205.2352156
TRN-0343,26.2971,15.0966,35.2021,44.2695,13.6448,11.4401,18.4805,59.6871,18.4245,396.99679986,227.90733156000002,691.53746841,668.3189337
TRN-0198,28.1497,26.9731,19.1549,29.9116,15.5631,13.0973,20.497,43.7674,18.5978,759.2846730699999,727.54812361,792.40561009,806.80857796
TRN-0290,12.3628,100.7801,22.3968,23.5885,11.9041,13.7706,13.9312,40.4923,23.8671,1245.92422028,10156.62855601,152.83882384,2377.2513888500002
TRN-0711,27.3457,27.5273,34.5953,58.9132,15.4514,13.3857,20.4983,58.755,20.0657,752.75328761,757.75224529,747.78730849,1621.7213303600001
TRN-0284,17.8121,90.2115,37.616,39.5063,13.504,15.1535,16.1926,46.9822,34.353,1606.8562591500001,8138.11473225,317.27090641,3563.9225824500004
TRN-0105,14.8368,102.3667,39.5969,23.2679,13.1569,15.4076,15.6953,41.709,43.6185,1518.79425456,10478.94126889,220.13063424,2381.8581389299998
TRN-0439,11.5518,50.4478,26.6414,37.17,8.8784,9.5543,11.0339,50.6061,15.9175,582.76289604,2544.9805248400003,133.44408324,1875.1447260000002
TRN-0602,21.0839,80.5436,36.3989,38.7211,7.1164,15.438,18.6809,61.7175,30.5097,1698.17320804,6487.27150096,444.53083921,3118.73678996
TRN-0269,15.8232,102.5936,42.3858,16.5509,13.2755,15.4911,15.8473,56.8715,45.2513,1623.3590515199999,10525.44676096,250.37365824,1698.0164142399997
TRN-0184,29.5853,85.7903,34.6521,19.6015,19.3913,18.8309,24.4083,51.7121,34.5505,2538.13176259,7359.97557409,875.28997609,1681.6185654500002
TRN-0288,15.735,21.5399,39.4762,5.9551,8.9844,8.6774,11.8477,49.4543,15.9873,338.9303265,463.96729201,247.59022499999998,128.27225848999998
TRN-0668,30.0372,108.2607,39.2159,13.5037,20.5937,21.0821,25.4809,54.9198,54.4579,3251.84829804,11720.37916449,902.2333838399999,1461.92001459
TRN-0014,11.1932,77.4751,43.4873,15.9647,9.6759,11.9007,11.5401,72.2076,27.0328,867.1942893199999,6002.391120009999,125.28772623999998,1236.86672897
TRN-0813,30.5251,48.7172,37.482,41.8758,17.608,15.9534,22.6584,26.8364,23.0728,1487.0974017199999,2373.36557584,931.7817300099999,2040.07172376
TRN-0636,14.2258,57.1339,34.1337,56.3507,10.6019,11.1591,13.4864,44.2794,18.3368,812.7754346199999,3264.2825292099997,202.37338563999998,3219.53525873
TRN-0028,23.694,44.5709,39.7788,43.8321,14.2709,13.5117,18.3143,52.1311,20.5491,1056.0629046,1986.5651268100003,561.405636,1953.6361458899999
TRN-0123,14.9187,52.9423,41.4921,16.5583,10.2995,11.0211,12.8863,38.7669,18.1844,789.83029101,2802.8871292900003,222.56760968999998,876.63448609
TRN-0088,21.3183,62.0168,39.4007,45.0831,14.2689,14.0302,18.1343,40.939,26.3719,1322.09274744,3846.0834822400006,454.46991489000004,2795.9095960800005
TRN-0714,12.6513,81.3865,47.8621,12.0248,10.6411,12.7964,12.6118,35.1179,32.4503,1029.64502745,6623.76238225,160.05539169000002,978.6563852
TRN-0583,19.3493,72.3037,40.4559,57.2611,13.905,14.4979,17.3418,64.2767,27.6727,1399.02598241,5227.825033690001,374.39541048999996,4140.18939607
TRN-0421,30.2288,73.786,34.6741,38.9915,19.161,18.1341,24.232,66.364,30.0385,2230.4622368,5444.373796,913.78034944,2877.026819
TRN-0511,18.3138,67.2527,31.9498,12.166,12.4674,13.1687,15.4053,43.7563,22.7241,1231.65249726,4522.92565729,335.39527044000005,818.1963482000001
TRN-0449,21.696,104.8557,37.7763,13.4195,16.5054,17.709,20.0948,50.7071,47.5433,2274.9492672,10994.71782249,470.71641600000004,1407.11106615
TRN-0038,27.7592,101.5552,34.2606,17.1922,19.2427,19.2265,23.8862,59.3814,45.698,2819.09110784,10313.458647039999,770.57318464,1745.95730944
TRN-0891,31.2092,24.7295,37.9771,7.605,16.1873,13.7588,21.489,46.4701,20.3503,771.7879114,611.5481702500001,974.01416464,188.06784750000003
TRN-0313,28.2726,86.4153,41.69,52.7211,18.8426,18.6702,23.9336,60.1178,37.4216,2443.18521078,7467.604074090001,799.3399107600001,4555.90967283
TRN-0255,17.4922,39.68,34.5857,26.5506,10.8434,10.4393,14.1841,51.656,17.2442,694.090496,1574.5024,305.97706084000004,1053.527808
TRN-0647,21.852,64.5289,34.5926,11.2937,14.1639,13.9786,17.7505,39.2504,23.9903,1410.0855227999998,4163.978935209999,477.509904,728.7700379299998
TRN-0423,18.2339,55.7219,24.4936,48.8595,12.3715,12.2858,15.7123,45.9793,18.5143,1016.0275524099999,3104.93013961,332.47510920999997,2722.5441730499997
TRN-0398,23.6081,38.436,51.5397,28.3981,20.9822,13.0628,17.4497,57.6559,26.8098,907.4009316,1477.326096,557.3423856100001,1091.5093716
TRN-0289,12.2869,55.9791,39.0557,27.4659,9.2859,10.2734,11.2989,58.2312,17.4577,687.80960379,3133.6596368100004,150.96791161,1537.51636269
TRN-0579,25.8539,97.7032,34.2355,28.4083,18.1987,18.5238,22.5244,42.8963,41.4578,2526.00876248,9545.915290239998,668.42414521,2775.58181656
TRN-0275,17.8668,47.0833,25.1341,36.193,11.1437,10.8196,14.0121,38.2814,17.1723,841.2279044400001,2216.83713889,319.22254224000005,1704.0858769
TRN-0885,9.8693,34.1735,47.1174,41.4493,7.4965,8.2213,9.6744,50.7342,17.5958,337.26852355,1167.8281022499998,97.40308249000002,1416.46765355
TRN-0201,13.0583,62.9442,42.9019,15.9798,9.9293,11.3912,12.1505,38.707,23.7241,821.94424686,3961.9723136400003,170.51919888999998,1005.83572716
TRN-0171,15.6952,76.0224,22.3138,52.257,12.0119,20.1057,14.6344,67.6222,22.1384,1193.1867724800002,5779.405301760001,246.33930304,3972.7025568
TRN-0689,31.6492,35.4878,43.8532,18.733,17.3536,15.3904,23.1375,33.0242,22.6997,1123.16047976,1259.38394884,1001.67186064,664.7929574
TRN-0769,8.373,78.0065,31.6603,24.9763,8.6715,10.7605,10.2026,45.9541,23.1383,653.1484244999999,6085.014042250001,70.10712899999999,1948.3137459499999
TRN-0575,29.1671,81.9158,28.8445,36.8917,18.8973,18.0038,23.9664,39.8755,31.127,2389.2463301800003,6710.19828964,850.71972241,3022.0131188600003
TRN-0428,20.4699,69.9818,34.8688,27.8474,14.2195,14.1737,17.3693,40.4876,25.319,1432.52044782,4897.452331240001,419.01680601,1948.8111773200003
TRN-0272,30.9147,51.0044,42.4644,18.3643,17.8293,16.553,23.1521,40.4619,23.6436,1576.78572468,2601.4488193599996,955.71867609,936.66010292
TRN-0763,20.5583,61.5323,30.8158,8.7893,13.3374,13.3175,16.9269,36.3166,19.1371,1264.99948309,3786.22394329,422.64369888999994,540.82584439
TRN-0727,15.8896,19.4607,45.5969,8.0754,8.3908,8.3681,11.4267,74.0864,16.6021,309.22273872,378.71884449,252.47938815999998,157.15293678
TRN-0042,19.2353,48.7693,27.1839,20.7282,12.089,11.6227,15.3121,57.8987,17.8278,938.0921162899999,2378.4446224900003,369.99676608999994,1010.8998042600001
TRN-0773,18.149,40.6311,31.4089,53.4559,3.9127,10.9356,14.7335,61.6319,17.8539,737.4138339000001,1650.8862872100003,329.386201,2171.97201849
TRN-0764,30.7478,51.1431,43.5796,43.3897,17.9541,16.5559,23.4592,46.5817,23.6919,1572.53781018,2615.61667761,945.4272048400001,2219.08376607
TRN-0620,24.1614,59.8066,29.9794,21.2834,15.3065,14.6956,19.4732,54.2948,20.9953,1445.01118524,3576.82940356,583.77324996,1272.8877904400001
TRN-0914,14.1881,60.8325,37.1535,41.5068,11.1654,11.9085,13.8926,32.8292,19.2031,863.09759325,3700.5930562500002,201.30218161000002,2524.962411
TRN-0982,12.4416,18.6756,38.7164,37.5457,7.2086,7.2314,9.6382,80.5135,14.96,232.35434496,348.77803536,154.79341055999998,701.1884749199999
TRN-0113,31.1611,31.5237,42.6012,33.9683,17.1963,15.0119,22.7454,49.4543,22.1831,982.3131680700001,993.7436616900001,971.01415321,1070.8064987100001
TRN-0258,14.7553,71.7787,35.4516,36.6047,11.449,12.6512,14.0301,53.4391,24.268,1059.11625211,5152.18177369,217.71887809,2627.43777989
TRN-0002,18.4463,56.7764,23.0633,12.8259,11.8108,11.7818,14.6466,34.3554,17.3604,1047.31450732,3223.5595969600004,340.26598369000004,728.2084287600001
TRN-0283,28.9197,27.591,41.9035,37.8014,15.9737,14.1276,21.1828,66.5722,21.6272,797.9234427,761.263281,836.3490480899999,1042.9784274
TRN-0677,21.058,68.7623,28.9605,26.7195,14.1566,14.0598,17.9396,38.7286,23.3267,1447.9965134,4728.25390129,443.439364,1837.29427485
TRN-0486,17.1442,103.7046,38.9918,21.6489,14.2967,16.3271,17.2076,33.04,45.6002,1777.93240332,10754.64406116,293.92359364000004,2245.09051494
TRN-0554,10.2715,99.3761,29.1666,35.7966,10.8652,13.1476,12.3766,44.9502,36.6035,1020.7416111499999,9875.609251209999,105.50371224999999,3557.3265012599995
TRN-0341,21.6849,99.1059,37.2354,56.2871,16.3468,17.5527,19.8958,75.1837,42.9304,2149.10153091,9821.97941481,470.23488800999996,5578.38370389
TRN-0757,12.9334,15.2952,32.5392,39.5942,7.6572,7.2149,10.2342,59.5475,14.0025,197.81893968,233.94314304,167.27283556,605.60120784
TRN-0910,22.2869,17.8971,31.6443,8.5715,11.595,10.1133,15.6096,37.8492,16.575,398.87087798999994,320.30618840999995,496.70591161,153.40499265
TRN-0106,19.2836,88.3661,34.5776,29.6362,14.6148,15.6203,17.6864,63.2426,32.9814,1704.01652596,7808.567629210001,371.85722896,2618.83541282
TRN-0712,17.6549,68.982,18.0,22.2576,12.4869,12.6826,15.3412,36.2488,19.2082,1217.8703118,4758.516324,311.69549401000006,1535.3737632
TRN-0153,22.4912,79.1664,32.2276,32.3848,14.9495,15.17,18.2547,47.7372,28.3823,1780.5473356799998,6267.31888896,505.85407743999997,2563.78803072
TRN-0911,25.7853,107.8744,42.3302,30.393,18.8495,19.658,23.141,55.7069,53.2861,2781.57376632,11636.88617536,664.88169609,3278.6266391999998
TRN-0174,27.0115,19.8225,30.4787,8.767,14.3092,12.2228,19.1565,43.2094,18.0087,535.4354587500001,392.93150625000004,729.6211322500001,173.7838575
TRN-0798,21.3849,49.8346,40.9968,7.0434,13.0234,12.6558,16.9012,45.477,19.6213,1065.7079375399999,2483.48735716,457.31394800999993,351.00502164
TRN-0857,25.8889,64.2977,19.4549,21.4721,15.9859,15.0523,29.8671,25.7966,21.1871,1664.5967255300002,4134.194225290001,670.2351432099999,1380.6066441700002
TRN-0912,15.3119,79.2943,26.7302,8.6535,11.6835,12.8236,13.7694,48.9846,24.2523,1214.1463921700001,6287.586012490001,234.45428160999998,686.17322505
TRN-0380,15.1884,71.8888,38.7611,15.9947,11.6315,12.6786,14.3525,73.3601,25.6345,1091.87584992,5167.999565440001,230.68749455999998,1149.83978936
TRN-0218,8.8571,87.1286,18.0,17.6708,9.0364,10.8602,10.0128,70.0394,23.7821,771.7067230600002,7591.392937960001,78.44822041000002,1539.6320648800001
TRN-0254,13.266,83.9721,38.084,37.6982,2.2307,13.2155,13.7599,62.2599,29.6875,1113.9738786,7051.3135784099995,175.986756,3165.59702022
TRN-0441,27.9046,55.7218,18.2324,29.9988,16.6567,15.1526,21.3154,66.3078,20.3549,1554.89454028,3104.91899524,778.6667011599999,1671.58713384
TRN-0932,29.9543,57.0808,34.5208,8.0607,17.8131,16.3751,22.8791,57.4385,22.5047,1709.8154074400002,3258.2177286400006,897.26008849,460.1112045600001
TRN-0509,22.5729,70.2702,32.0218,35.5626,15.1305,15.0361,18.9293,63.9696,25.2925,1586.20219758,4937.90100804,509.53581441,2498.99101452
TRN-0673,17.8631,28.0256,37.8335,24.0583,10.3804,9.9369,13.4418,45.0497,16.9981,500.62409536,785.4342553600001,319.09034161,674.24829248
TRN-0645,23.6417,78.9457,29.811,36.3288,15.8612,15.8629,19.7284,46.3918,27.7197,1866.4105556900001,6232.42354849,558.92997889,2868.0025461600003
TRN-0263,23.5221,42.8011,25.1528,20.0814,13.8833,12.4467,17.9983,60.1067,18.5921,1006.7717543099999,1831.9341612099997,553.28918841,859.5060095399999
TRN-0071,30.2423,98.8025,43.3388,15.5553,20.1578,20.141,25.167,47.3509,46.5089,2988.01484575,9761.93400625,914.59670929,1536.90252825
TRN-0013,25.5181,41.4926,31.1854,32.5279,15.1001,13.589,19.881,38.7659,20.3992,1058.81231606,1721.6358547600003,651.17342761,1349.66714354
TRN-0260,9.4712,109.8657,19.471,23.7437,10.8498,13.3049,11.9584,71.8086,43.5279,1040.56001784,12070.47203649,89.70362943999999,2608.61822109
TRN-0045,10.8096,60.4465,51.1121,18.1745,8.4859,10.3638,10.0525,49.4543,23.4447,653.4024863999999,3653.77936225,116.84745215999999,1098.5849142499999
TRN-0504,9.4822,31.9074,19.7147,20.1489,6.807,7.0154,8.5534,57.7914,12.6076,302.55234828,1018.0821747599999,89.91211684000001,642.89901186
TRN-0876,31.8671,88.8569,30.5366,41.2199,20.6748,19.8194,26.0335,56.0319,36.1658,2831.6117179899998,7895.54867761,1015.51206241,3662.67253231
TRN-0372,19.0343,99.0386,36.3031,15.1434,14.7003,15.9507,17.6891,28.0867,41.0583,1885.1304239800002,9808.64428996,362.30457649000004,1499.78113524
TRN-0009,31.2031,56.1702,38.3074,25.3805,18.4606,16.8161,16.9269,45.1049,23.3409,1752.68436762,3155.0913680400004,973.63344961,1425.6277611
TRN-0835,27.2126,65.3667,41.2269,58.2999,17.458,16.772,22.0848,54.2976,29.4849,1778.7978604199998,4272.805468889999,740.5255987599999,3810.8720733299997
TRN-0083,11.6948,29.2545,30.4575,44.9411,7.7985,7.861,10.2782,33.2364,14.7517,342.1255266,855.82577025,136.76834704,1314.72940995
TRN-0365,21.4091,106.9215,33.4044,41.3117,16.4731,17.6444,20.1669,52.7348,48.6475,2289.09308565,11432.207162249999,458.34956280999995,4417.10893155
TRN-0695,26.8977,53.7919,36.2464,6.1602,16.2587,15.1159,21.0038,49.4543,21.5556,1446.87838863,2893.5685056099996,723.48626529,331.36886238
TRN-0407,17.9833,30.1194,35.4344,48.3623,10.9072,10.3113,14.3367,43.036,17.5448,541.64620602,907.17825636,323.39907889,1456.6434586199998
TRN-0816,18.5243,67.6262,18.4807,35.1027,13.309,13.2316,27.0815,57.4387,19.8088,1252.7280166599999,4573.302926439999,343.14969049,2373.8622107399997
TRN-0545,13.0916,55.2408,37.3928,30.0299,9.4873,10.4214,11.8915,40.6875,17.7183,723.19045728,3051.54598464,171.38999056,1658.87569992
TRN-0491,14.7563,30.7739,25.3571,45.6422,9.1825,8.7127,11.9573,61.1466,15.6403,454.10890057,947.03292121,217.74838968999998,1404.58849858
TRN-0165,17.3457,64.932,40.8922,31.1934,12.3965,13.0648,15.3959,33.2196,25.6903,1126.2909924,4216.164624,300.87330849,2025.4498488000002
TRN-0829,8.6911,18.8487,44.6416,43.601,5.6547,6.384,7.4265,34.5325,18.1979,163.81593657000002,355.27349169,75.53521921000001,821.8221687
TRN-0965,23.7163,15.6778,47.902,40.2774,12.5306,11.3406,16.9444,35.9469,21.424,371.81940814,245.79341283999997,562.46288569,631.46102172
TRN-0930,12.9705,95.971,30.5851,47.6831,12.1861,13.7774,14.3621,57.4774,35.4494,1244.7918554999999,9210.432841,168.23387025,4576.1947901
TRN-0949,10.0241,35.5307,34.6749,46.0995,7.1086,7.7959,8.8038,42.2024,15.0201,356.16328987,1262.4306424900003,100.48258081000002,1637.9475046500002
TRN-0446,27.5543,78.7111,47.544,31.2291,18.1674,17.9768,23.2678,56.1777,36.2413,2168.82926273,6195.43726321,759.2394484900001,2458.07681301
TRN-0333,23.6659,83.0057,25.2352,48.7404,16.4982,16.3492,20.4081,37.4559,28.5206,1964.4045956300001,6889.9462324900005,560.07482281,4045.7310202800004
TRN-0056,20.2038,105.4205,45.8627,19.0142,15.9943,17.8119,19.4455,50.8786,51.0559,2129.8946979,11113.481820250001,408.19353444000006,2004.4864711
TRN-0221,10.0402,19.6325,30.7168,12.1244,6.0946,6.2903,8.1025,68.7331,12.8904,197.1142265,385.43505625,100.80561604,238.032283
TRN-0627,11.916,67.3207,42.1577,50.8565,10.1217,11.6624,12.2225,46.2937,24.863,802.1934612,4532.0766484900005,141.99105600000001,3423.69517955
TRN-0649,29.9515,24.049,37.3554,42.2616,16.174,3.8193,21.58,44.283,21.0209,720.3036235,578.3544009999999,897.09235225,1016.3492184
TRN-0758,28.164,17.0954,24.7318,26.3672,14.91,12.0903,19.8602,43.4537,18.4735,481.4748456000001,292.2527011600001,793.210896,450.75783088000003
TRN-0823,15.4117,91.4093,29.4443,39.8646,12.9836,14.5008,15.509,31.7263,32.5492,1408.77270881,8355.66012649,237.52049689,3643.9951807800003
TRN-0265,29.1382,24.8276,29.5091,55.8176,16.0754,13.6475,21.5425,55.5081,19.6328,723.4315743200001,616.40972176,849.0346992400001,1385.81704576
TRN-0508,18.5872,24.0757,43.6181,36.0944,10.8484,9.9679,1.0,68.1033,17.6239,447.49985104,579.63933049,345.48400383999996,868.99794608
TRN-0618,18.5828,33.833,44.6905,28.3275,8.0392,6.6552,14.4279,52.7081,18.4418,628.7118724,1144.671889,345.32045583999997,958.4043075
TRN-0588,15.6295,19.4763,27.2332,41.9181,8.9486,8.2676,11.985,70.159,14.962,304.40483085,379.3262616899999,244.28127025,816.40949103
TRN-0136,18.1556,100.6376,28.4831,53.8012,14.7216,15.9798,17.5126,49.0068,39.9339,1827.1360105600002,10127.92653376,329.62581136,5414.42364512
TRN-0166,29.5716,82.2388,22.4663,23.6958,19.115,18.1846,23.8408,44.7835,29.6963,2431.93289808,6763.22022544,874.47952656,1948.71415704
TRN-0410,19.3576,55.501,32.4643,47.3989,13.62775,12.8351,16.3875,35.6131,19.4256,1074.3661576,3080.3610009999998,374.71667776000004,2630.6863488999998
TRN-0503,12.742,61.7987,39.8282,57.112,9.9839,11.3075,12.0489,69.2968,18.5584,787.4390354,3819.0793216899997,162.35856400000003,3529.4473543999998
TRN-0587,31.1799,52.9067,38.1,36.6261,18.0144,16.465,23.3782,48.7188,23.4365,1649.62561533,2799.11890489,972.18616401,1937.76608487
TRN-0975,21.1463,103.6017,31.7853,34.3651,16.2591,17.3119,19.9779,72.0292,44.8108,2190.79262871,10733.312242889999,447.16600369,3560.2827806699997
TRN-0143,31.0604,20.7146,49.4232,47.9427,13.4898,20.8227,22.3117,38.437,25.9811,643.40376184,429.09465316,964.7484481600001,993.11385342
TRN-0226,16.165,84.7277,19.8908,13.1586,12.7716,13.5427,15.1689,45.6281,25.3231,1369.6232705,7178.78314729,261.30722499999996,1114.89791322
TRN-0322,19.8459,44.1289,43.3522,13.0739,11.9391,11.8223,15.5497,85.2779,18.7618,875.7777365100001,1947.35981521,393.85974681,576.93682571
TRN-0717,28.2051,24.1533,26.3389,43.9544,15.3975,13.0615,20.2903,40.4418,19.068,681.24624183,583.3819008900001,795.5276660100001,1061.64380952
TRN-0921,12.3228,83.6693,38.3193,59.0536,11.4682,12.9508,13.5388,25.1946,29.9729,1031.04005004,7000.551762490001,151.85139984000003,4940.9733744800005
TRN-0659,21.4314,77.2592,34.8314,8.8744,14.3967,14.8306,17.5491,35.5696,27.4947,1655.7728188800002,5968.983984640001,459.30490596,685.6290444800001
TRN-0276,30.1002,30.3395,35.0458,22.7598,16.1821,13.8584,21.6219,65.4609,20.5299,913.2250179,920.48526025,906.0220400400001,690.5209520999999
TRN-0573,12.713,94.2479,33.3957,5.1753,11.3106,13.3547,13.2436,56.797,33.8011,1198.1735526999998,8882.66665441,161.62036899999998,487.76115687000004
TRN-0877,21.4959,97.0943,19.1262,42.5876,16.2871,16.5927,20.0402,45.6363,35.4263,2087.12936337,9427.303092490001,462.07371680999995,4135.01321068
TRN-0468,11.3447,90.8143,31.9713,16.691,10.7875,12.9436,6.04,44.117,31.1116,1030.26098921,8247.23708449,128.70221809,1515.7814813
TRN-0181,18.6267,109.8992,25.7139,51.4145,15.5329,16.8204,6.878,45.3994,48.7663,2047.0594286399999,12077.834160639999,346.95395289,5650.412418399999
TRN-0353,19.5255,108.769,34.6151,11.8696,15.5531,16.9552,18.7414,46.8337,49.4057,2123.7691095,11830.695361000002,381.24515025000005,1291.0445224
TRN-0147,8.861,75.9485,36.5575,14.8645,8.6741,10.6902,10.3391,58.0673,23.809,672.9796585,5768.17465225,78.51732100000001,1128.93647825
TRN-0144,21.5592,95.6797,38.3352,5.2788,16.0257,17.0131,19.5681,40.2086,40.0378,2062.77778824,9154.604992089999,464.79910464000005,505.07400036
TRN-0019,8.2185,21.3276,46.7842,33.5716,6.2229,6.6093,8.3971,71.8081,15.9881,175.28088060000002,454.86652176,67.54374225000001,716.0016561599999
TRN-0626,8.6911,18.8487,44.6416,43.601,5.6547,6.384,7.4265,34.5325,14.4551,163.81593657000002,355.27349169,75.53521921000001,821.8221687
TRN-0476,13.8624,81.0334,36.4075,9.6282,11.1898,12.5515,13.5137,34.8156,27.4893,1123.31740416,6566.41191556,192.16613375999998,780.20578188
TRN-0796,29.2093,62.3251,41.0718,47.5542,18.2781,17.4134,23.4021,46.8724,29.0277,1820.4725434299999,3884.41809001,853.18320649,2963.8202704200003
TRN-0870,10.7956,108.3219,24.6777,48.043,11.5524,13.9552,13.1178,55.7297,44.2781,1169.39990364,11733.634019609999,116.54497936000001,5204.1090417
TRN-0854,8.6289,26.2498,23.3529,56.0306,6.2386,6.4568,8.0669,52.8494,13.2914,226.50689922,689.05200004,74.45791521,1470.79204388
TRN-0134,22.2438,41.4757,24.1234,53.4966,13.6413,12.3822,17.6506,70.0693,18.4064,922.5771756600001,1720.2336904900003,494.78663844,2218.80893262
TRN-0527,14.7369,57.4826,37.9908,20.1469,10.8502,11.6163,13.5462,51.1441,18.5575,847.11532794,3304.24930276,217.17622161,1158.09619394
TRN-0770,15.7032,98.3867,38.3044,32.4798,13.1948,15.1165,15.3287,46.7966,40.2031,1544.98602744,9679.942736890001,246.59049024,3195.58033866
TRN-0251,30.3515,109.3207,33.6619,8.9928,20.9797,21.2055,25.9842,48.8242,53.6774,3318.04722605,11951.015448490001,921.2135522500001,983.0991909600001
TRN-0132,9.7487,72.7897,36.5709,25.4378,9.0643,10.8287,10.8578,77.4383,23.3231,709.6049483899999,5298.34042609,95.03715168999999,1851.60983066
TRN-0215,23.5742,80.0256,28.2073,5.4162,15.6847,15.9431,19.5115,52.9688,27.4716,1886.53949952,6404.096655359999,555.74290564,433.43465471999997
TRN-0780,12.6266,68.5622,35.0442,17.9569,9.9021,11.2444,12.2991,43.9458,22.3588,865.70747452,4700.7752688400005,159.43102756,1231.1645691800002
TRN-0425,14.8763,108.8282,36.4889,20.9661,13.3401,15.6721,15.4704,25.5252,48.8125,1618.96095166,11843.57711524,221.30430169000002,2281.70292402
TRN-0273,14.7494,46.7725,41.9781,18.1946,9.8595,10.6273,12.2165,33.6728,17.7087,689.8663115,2187.66675625,217.54480035999998,851.0069285000001
TRN-0970,21.6393,46.0109,37.6075,53.7777,13.5387,12.9017,17.5589,27.2276,20.1454,995.6436683699999,2117.0029188099998,468.2593044899999,2474.3603769300003
TRN-0318,25.1775,66.3148,37.9414,36.4763,16.4199,15.8983,20.8264,62.0508,27.6115,1669.640877,4397.652699040001,633.9065062499999,2418.9185392400004
TRN-0767,27.0091,89.3887,31.1747,24.0991,18.2747,18.1538,23.0462,65.1731,35.2858,2414.30833717,7990.33968769,729.49148281,2154.18722017
TRN-0437,25.3163,24.303,33.4231,57.0072,14.28,12.2727,18.7394,78.7804,19.2354,615.2620389,590.635809,640.9150456899999,1385.4459816
TRN-0502,31.4814,15.7485,22.313,54.752,16.6856,13.4554,22.2083,63.0366,19.7031,495.7848279,248.01525225,991.07854596,862.261872
TRN-0413,23.8614,99.6453,27.3515,52.786,17.422,17.7966,21.1059,58.3409,40.8523,2377.67636142,9929.185812090001,569.3664099599999,5259.8768058000005
TRN-0735,26.086,76.1449,37.1549,29.5568,16.9605,16.7213,21.3601,54.0255,29.7533,1986.3158614000001,5798.045796010001,680.479396,2250.5995803200003
TRN-0249,15.2693,100.304,34.0973,32.5533,12.9218,14.867,15.5072,30.5176,40.5863,1531.5718672,10060.892416,233.15152249,3265.2262032
TRN-0941,26.4406,81.4135,28.2367,48.9851,17.6256,17.3812,22.0976,32.9076,29.618,2152.6217881,6628.15798225,699.10532836,3988.0484388500004
TRN-0644,22.3928,21.7817,18.0,17.6499,12.3418,10.3495,16.293,43.2368,15.8306,487.75325176000007,474.44245489,501.43749184000006,384.44482683
TRN-0004,15.8587,26.0792,30.945,29.2205,9.2522,8.8999,12.1474,35.7616,15.4348,413.58220904,680.12467264,251.49836569,762.0472636000001
TRN-0102,15.3713,82.2769,40.7093,24.3331,12.0642,13.5868,14.6883,31.9827,29.6686,1264.70291297,6769.48827361,236.27686369,2002.0520353900001
TRN-0310,17.7259,93.4655,30.4254,9.3407,13.8355,15.1421,16.6845,43.4387,34.339,1656.76010645,8735.799690250002,314.20753081,873.0331958500001
TRN-0653,11.3197,81.8708,23.3696,20.6582,9.9817,11.3997,11.2124,36.3911,23.001,926.75289476,6702.827892640001,128.13560808999998,1691.30336056
TRN-0115,28.8054,58.7016,35.5128,57.6561,17.5856,16.3149,22.4877,65.3874,23.0506,1690.9230686399999,3445.87784256,829.7510691599999,3384.50531976
TRN-0772,29.2843,55.6198,36.0893,55.5212,17.8595,16.5567,22.9917,15.8876,23.1953,1628.78690914,3093.5621520399995,857.5702264900001,3088.0780397599997
TRN-0831,18.7826,102.8008,35.3483,23.859,14.421,15.9943,16.9964,53.0225,43.4195,1930.8663060799997,10568.004480639998,352.78606275999994,2452.7242872
TRN-0705,8.2692,25.6949,31.0763,11.3228,5.3401,6.1135,6.6989,39.6231,12.5064,212.47626707999999,660.22788601,68.37966863999999,290.93821372
TRN-0991,31.3945,56.8214,40.6793,37.536,18.3479,16.9601,23.7599,53.2477,24.1357,1783.8794423,3228.6714979599997,985.61463025,2132.8480704
TRN-0862,16.9245,33.0504,36.7006,42.7713,10.4439,10.0715,13.4578,57.3797,17.5038,559.3614948,1092.3289401600002,286.43870024999995,1413.60857352
TRN-0229,14.9486,51.2987,47.6404,16.062,10.0847,11.0032,13.0154,40.751,20.6136,766.84374682,2631.5566216899997,223.46064196000003,823.9597194
TRN-0696,19.9703,69.0999,46.7115,35.8717,14.0227,14.7328,17.7988,55.6225,30.0941,1379.9457329700003,4774.796180010001,398.8128820900001,2478.73088283
TRN-0371,8.4715,19.0963,37.7212,24.6285,5.5421,6.063,7.3369,59.883,13.5288,161.77430545,364.66867369,71.76631225000001,470.31322455
TRN-0819,17.2999,23.0813,37.999,20.686,10.0065,9.4349,13.3861,60.0238,16.4621,399.30418187,532.74640969,299.28654001,477.4597718
TRN-0107,16.1498,53.7524,24.6296,36.9404,11.0133,10.8826,13.8872,35.324,16.8455,868.09050952,2889.3205057600003,260.81604003999996,1985.63515696
TRN-0017,15.8688,16.7878,29.9819,37.0965,8.8732,8.0324,11.9012,45.7346,15.0326,266.40224064,281.83022884,251.81881344,622.7686227
TRN-0196,28.5086,20.9697,30.8619,45.7868,15.5239,12.9922,20.4713,56.8221,19.7101,597.81678942,439.72831808999996,812.7402739600001,960.1354599599999
TRN-0548,11.0253,69.5239,28.2345,57.4589,9.5924,11.0881,11.7175,55.009,21.1399,766.5218546699999,4833.5726712099995,121.55724009,3994.76681771
TRN-0525,9.5113,33.9672,37.9995,40.471,6.9494,7.6298,8.9024,47.3362,15.1242,323.07222936,1153.77067584,90.46482769,1374.6865511999997
TRN-0687,29.9997,106.7406,47.4892,50.5266,20.7767,21.1299,26.0691,55.6824,57.2566,3202.18597782,11393.55568836,899.98200009,5393.23959996
TRN-0637,28.1778,101.9614,46.7242,5.1181,19.2773,19.9162,23.9894,55.4093,50.626,2873.04793692,10396.12708996,793.98841284,521.84864134
TRN-0790,11.0441,36.6588,49.2146,45.1862,7.7952,8.7153,10.2325,51.3039,20.4399,404.86345308,1343.86761744,121.97214481,1656.4718685599998
TRN-0337,24.7539,95.1678,30.4097,7.7587,17.2067,17.6076,21.1211,62.9772,37.6123,2355.77420442,9056.91015684,612.7555652100001,738.37840986
TRN-0776,20.4738,40.3826,41.5696,36.864,12.6427,12.2225,16.7908,53.4398,19.2865,826.78527588,1630.7543827599998,419.17648644,1488.6641663999997
TRN-0882,16.6046,62.6201,20.6738,56.6195,12.4968,12.4027,15.5819,36.5569,19.8233,1039.78171246,3921.27692401,275.71274116000006,3545.51875195
TRN-0235,14.5684,107.6301,39.9672,6.4811,13.4309,15.8185,15.7473,46.4148,49.1812,1567.99834884,11584.238426009999,212.23827856000003,697.5614411099999
TRN-0112,8.0142,60.8575,28.5069,33.4378,7.7383,9.1334,9.0903,64.7652,15.6204,487.72417650000006,3703.63530625,64.22740164000001,2034.9409135000003
TRN-0296,14.8834,47.7957,30.2891,13.1237,9.9603,10.1437,12.5896,65.077,16.4399,711.36252138,2284.42893849,221.51559556,627.25642809
TRN-0809,27.2252,27.563,26.0366,22.9568,15.0208,12.9747,19.8833,80.3398,18.8413,750.4081876,759.7189689999999,741.2115150400001,632.7582784
TRN-0853,19.4248,90.8578,42.6535,7.9696,14.7149,16.0781,17.7581,53.2609,36.753,1764.89459344,8255.139820839999,377.32285504000004,724.1003228799999
TRN-0529,31.0312,81.3554,30.7886,32.5102,19.8275,25.595,25.174,47.8984,31.6224,2524.55568848,6618.701109160001,962.9353734399999,2644.8803250799997
TRN-0874,21.7457,52.85,38.0608,53.9387,14.0088,13.5919,1.0,63.0673,20.8285,1149.260245,2793.1225,472.87546848999995,2850.660295
TRN-0293,23.6339,86.7762,33.2134,26.0206,16.5715,16.8931,20.2296,47.5054,33.6492,2050.8600331800003,7530.108886440001,558.5612292100001,2257.96878972
TRN-0386,24.1553,87.6288,31.6699,9.5358,16.7324,16.8579,20.8384,37.0967,33.0113,2116.69995264,7678.80658944,583.47851809,835.61071104
TRN-0001,28.6557,37.7881,19.8451,49.0661,16.5184,14.4007,21.5919,60.3044,20.1476,1082.84445717,1427.94050161,821.1491424899999,1854.11469341
TRN-0483,28.1686,30.8848,47.1226,31.0161,15.6773,13.958,20.8884,49.9856,22.8391,869.98157728,953.8708710399999,793.47002596,957.92604528
TRN-0127,31.9221,26.6474,39.91,58.3026,17.1866,14.5966,22.8735,43.6359,22.4999,850.64096754,710.08392676,1019.02046841,1553.61270324
TRN-0207,16.4512,87.7723,18.0,18.5651,13.0139,13.8086,15.8387,34.7912,26.7392,1443.95966176,7703.97664729,270.64198144,1629.50152673
TRN-0471,27.1316,40.1931,50.0495,59.2364,15.9906,14.7284,21.0562,65.685,26.8539,1090.50311196,1615.4852876100001,736.1237185599999,2380.8945488400004
TRN-0059,30.7887,106.5889,44.7605,54.8665,21.3848,21.588,35.7555,55.686,55.6198,3281.7336654299997,11361.193603209998,947.9440476899999,5848.15988185
TRN-0063,27.5392,38.1989,35.1752,12.4804,15.2211,13.532,20.2284,69.7442,19.9811,1051.9671468800002,1459.1559612100002,758.4075366400001,476.73755156
TRN-0698,13.6327,45.7725,28.7424,15.8314,9.2535,9.6527,11.532,46.4299,16.0087,624.00276075,2095.12175625,185.85050929,724.6427565
TRN-0960,24.9995,20.1043,45.4578,57.462,14.2425,12.5571,19.3371,44.5012,20.9081,502.59744785,404.18287848999995,624.9750002500001,1155.2332866
TRN-0899,14.9915,18.5185,35.0207,17.393,8.2577,7.9147,10.9201,35.7485,14.8891,277.62009275,342.93484225,224.74507225000002,322.0922705
TRN-0100,21.3697,98.1157,35.5882,6.5734,15.6299,16.7153,19.2324,49.4543,40.8155,2096.70307429,9626.69058649,456.6640780900001,644.9537423800001
TRN-0292,17.4334,47.8325,29.7571,5.9921,17.1563,11.1729,14.0808,78.7172,16.7479,833.8831055,2287.9480562500003,303.92343556,286.61712325
TRN-0789,8.159,75.9748,31.6705,28.6888,8.5246,10.3218,9.8852,59.4848,22.5855,619.8783932000001,5772.17023504,66.56928100000002,2179.62584224
TRN-0883,20.0684,50.751,37.9395,44.2971,20.5106,12.7888,16.5123,50.9035,19.4832,1018.4913683999999,2575.6640009999996,402.74067856,2248.1221221
TRN-0987,8.9208,80.0837,21.4928,31.7022,9.0013,10.7514,10.3396,80.3354,21.0958,714.41067096,6413.399005689999,79.58067264,2538.82947414
TRN-0845,20.8759,61.2433,21.7204,5.906,13.325,12.9631,16.6578,58.0203,18.2318,1278.50900647,3750.7417948899997,435.8032008100001,361.7029298
TRN-0519,12.9126,55.1864,41.4512,58.3725,10.086,11.2424,12.5973,57.737,18.5291,712.59990864,3045.53874496,166.73523876,3221.3681340000003
TRN-0170,22.0985,55.2047,44.9647,31.4216,13.6698,13.7222,17.7092,52.3794,21.3338,1219.94106295,3047.55890209,488.34370225000004,1734.6200015200002
TRN-0803,14.8867,75.4868,18.0,7.5017,11.0816,11.7859,13.2672,44.839,19.2982,1123.74934556,5698.25697424,221.61383689,566.27932756
TRN-0414,14.0512,70.4544,45.052,55.2408,11.3593,12.7422,13.8951,60.6659,27.6443,989.96886528,4963.822479360001,197.43622144,3891.9574195200003
TRN-0347,31.3892,61.6279,30.734,59.4728,19.219,17.6853,24.8014,77.0681,23.7916,1934.4504786799998,3797.9980584099994,985.28187664,3665.1837711199996
TRN-0022,10.984,63.6764,34.8429,45.5198,9.0669,10.3063,11.1205,29.858,21.5988,699.4215776,4054.6839169600003,120.648256,2898.53699272
TRN-0534,9.9767,102.2508,27.3341,52.6467,10.9906,13.3539,12.5827,12.1712,38.8217,1020.1255563599999,10455.22610064,99.53454288999998,5383.167192360001
TRN-0690,19.3418,107.1489,26.47,17.3647,15.2982,16.7083,16.9269,58.3653,45.6354,2072.4525940199997,11480.88677121,374.10522724,1860.6085038299998
TRN-0021,25.4376,105.8126,24.01,17.6411,17.9464,18.4169,21.6122,51.5824,45.8638,2691.61859376,11196.30631876,647.07149376,1866.6506578600001
TRN-0280,27.7531,100.6147,29.6118,29.7973,19.0287,19.2137,23.3513,64.087,43.5179,2792.36983057,10123.31785609,770.23455961,2998.04640031
TRN-0366,24.3028,79.2742,39.3552,10.3422,16.3572,16.5962,20.5079,46.8445,30.8484,1926.58502776,6284.398785639999,590.6260878400001,819.86963124
TRN-0775,29.5407,41.2186,43.8119,6.1275,16.6176,15.0835,21.8808,48.6293,22.324,1217.62629702,1698.9729859600002,872.6529564900001,252.56697150000002
TRN-0274,30.8093,80.8853,32.2866,32.2677,19.4915,18.5482,24.6741,53.8304,31.928,2492.01947329,6542.43175609,949.21296649,2609.9825948099997
TRN-0404,23.7474,48.4547,23.1116,46.5521,14.4691,13.4609,18.3451,48.0412,19.5522,1150.67314278,2347.8579520900003,563.93900676,2255.6680398700005
TRN-0139,20.8691,25.8051,33.1449,7.2908,11.1923,10.2307,14.7645,59.8275,16.6329,538.52921241,665.90318601,435.51933481,188.13982307999999
TRN-0325,26.5393,44.1499,20.0222,45.7095,15.6498,13.8113,20.1295,60.542,19.3421,1171.7074410700002,1949.2136700100002,704.33444449,2018.06985405
TRN-0155,25.4113,48.2705,35.1281,17.6202,15.2911,14.2782,19.8332,46.3663,20.6212,1226.61615665,2330.04117025,645.73416769,850.5358641
TRN-0756,18.5486,32.1192,32.1721,47.2999,11.1649,10.5368,14.573,52.4955,17.5281,595.76619312,1031.64300864,344.05056196000004,1519.23494808
TRN-0679,30.3557,91.8033,35.0595,45.8747,19.865,19.5118,24.6688,53.0942,39.1206,2786.7534338099995,8427.84589089,921.4685224899999,4211.448846509999
TRN-0837,22.8665,30.6578,36.9534,24.3963,15.1315,16.2079,16.7916,45.8619,18.3588,701.0365836999999,939.9007008400001,522.8768222499999,747.9368861400001
TRN-0160,30.0586,32.3412,37.7249,9.3042,16.3571,14.3251,21.5508,54.612,21.2713,972.13119432,1045.9532174400001,903.5194339599999,300.90899304
TRN-0058,31.3506,109.6014,35.8066,50.6344,21.7,21.5969,27.0793,57.1371,55.8411,3436.06965084,12012.46688196,982.86012036,5549.6011281599995
TRN-0357,13.0874,48.0294,42.0912,28.1127,9.6031,10.4584,12.469,52.8484,17.6333,628.5799695600001,2306.8232643600004,171.28003876000002,1350.23611338
TRN-0964,17.1665,43.9713,47.3783,13.5215,10.8962,11.3229,14.2006,49.4543,19.9834,754.83332145,1933.47522369,294.68872224999996,594.55793295
TRN-0594,31.7607,60.7084,33.7976,47.1394,19.2807,17.6694,24.8962,49.0986,24.0277,1928.14127988,3685.5098305599995,1008.74206449,2861.75755096
TRN-0520,20.2427,35.2642,36.7994,8.5725,11.3985,11.1055,14.7262,66.0157,17.8961,713.84262134,1243.56380164,409.76690328999996,302.30235450000004
TRN-0495,22.6527,78.1419,34.0494,41.5444,15.8485,16.0008,20.0946,47.2861,28.8206,1770.1250181300002,6106.156535610001,513.14481729,3246.3583503600007
TRN-0328,8.935,70.4062,39.5264,32.159,8.5375,10.6639,10.031,45.449,23.2713,629.079397,4957.03299844,79.834225,2264.1929858
TRN-0152,30.236,74.725,22.1657,13.3417,19.1212,17.8014,23.953,34.737,26.2554,2259.3851,5583.8256249999995,914.2156960000001,996.9585324999999
TRN-0962,19.9277,91.0498,37.7678,56.4853,15.2122,16.215,18.7176,44.0866,36.8685,1814.4130994600002,8290.06608004,397.11322729000005,5142.975267940001
TRN-0990,26.8625,67.5097,36.0548,44.896,17.1685,16.3352,21.811,34.2837,28.0254,1813.47931625,4557.559594089999,721.59390625,3030.9154912
TRN-0740,28.0295,103.8628,36.1283,6.1492,19.0844,19.44,23.6415,48.6006,48.3109,2911.2223526,10787.481223839999,785.65287025,638.67312976
TRN-0812,8.5155,86.0259,29.6979,10.0395,8.8374,11.0558,10.0591,57.7836,26.1854,732.5535514499999,7400.455470809999,72.51374024999998,863.6570230499999
TRN-0079,21.2508,94.7546,38.0479,17.6921,15.5653,16.2966,18.7659,23.5672,38.6996,2013.6110536800002,8978.43422116,451.59650064000004,1676.4078586599999
TRN-0008,16.3568,100.6456,27.8161,43.0531,13.7975,15.3252,16.3612,64.6641,40.05,1646.23995008,10129.536799360001,267.54490624,4333.10508136
TRN-0865,9.9448,45.6114,22.4851,47.8265,7.713,8.1738,9.3757,51.8502,14.7227,453.59625072000006,2080.3998099600003,98.89904704000001,2181.4336221000003
TRN-0909,10.9793,47.4117,37.106,33.0558,8.1981,9.362,10.0748,55.9068,16.3132,520.5472778100001,2247.8692968900004,120.54502849,1567.2316728600001
TRN-0693,16.6508,72.2498,37.118,36.5301,12.4433,13.3031,15.5018,77.6366,25.539,1203.01696984,5220.033600039999,277.24914064,2639.2924189799996
TRN-0427,21.5946,80.6941,19.9261,48.8104,15.272,15.2728,18.9574,48.5895,25.4469,1742.5568118600002,6511.537774810001,466.32674915999996,3938.71129864
TRN-0595,8.7473,59.1484,29.0356,9.764,7.646,9.0648,9.2381,55.1136,15.0574,517.38879932,3498.5332225600005,76.51525728999998,577.5249775999999
TRN-0086,8.299,38.1623,29.2119,41.8582,6.5322,7.5852,7.9413,57.9677,14.3793,316.7089277,1456.3611412900002,68.87340099999999,1597.4051858599998
TRN-0338,23.8341,19.4216,36.1564,8.3279,12.4987,11.0045,16.7929,39.7972,17.556,462.89635656,377.19854656000007,568.06432281,161.74114264
TRN-0745,16.5307,105.1387,45.288,58.565,14.3957,16.4442,17.1558,35.4316,18.6752,1738.01630809,11054.14623769,273.26404249,6157.4479655
TRN-0256,17.645,28.3906,40.9344,39.962,10.5166,10.0301,14.1336,18.6089,17.3983,500.952137,806.0261683599999,311.346025,1134.5451572
TRN-0412,30.6871,101.6972,34.5462,27.1574,20.6696,20.5741,25.6762,43.8239,46.3496,3120.79214612,10342.32048784,941.69810641,2761.8315392799996
TRN-0073,25.9467,99.2373,38.3006,24.3131,18.2167,18.773,22.4057,42.8541,44.0862,2574.88045191,9848.041711290001,673.23124089,2412.76639863
TRN-0836,11.3923,89.2344,39.1595,59.9745,10.9529,13.1016,13.2032,58.1531,32.8614,1016.58505512,7962.7781433599985,129.78449929,5351.7885228
TRN-0907,9.433,32.4186,50.2549,16.8465,11.9059,7.6211,8.2026,50.3169,20.0939,305.8046538,1050.96562596,88.981489,546.1399448999999
TRN-0010,28.6079,69.1926,27.2581,40.2768,17.9159,16.5888,22.8275,53.0851,25.8781,1979.45498154,4787.61589476,818.41194241,2786.85651168
TRN-0569,27.6118,92.0571,36.6811,42.2679,18.5669,18.6258,22.8757,40.0431,38.7324,2541.86223378,8474.509660410002,762.4114992399999,3891.06029709
TRN-0528,8.5617,24.5077,44.9333,6.3482,5.669,6.6036,7.5,61.0969,14.2798,209.82757509,600.62735929,73.30270689,155.57978114
TRN-0983,29.4688,17.7436,33.5759,43.7144,15.3535,13.0609,20.5369,47.1622,20.0059,522.88259968,314.83534096000005,868.4101734400001,775.65082784
TRN-0760,31.1008,93.8091,38.0847,57.8627,20.76,20.5065,25.8765,55.4406,42.5878,2917.53805728,8800.14724281,967.25976064,5428.0478105699995
TRN-0547,8.4849,99.8539,44.2752,43.2362,9.9363,12.819,11.4051,50.535,40.8455,847.25035611,9970.801345209999,71.99352800999999,4317.30319118
TRN-0376,17.5322,81.2201,46.1176,40.8133,13.0548,14.5056,15.8591,79.6941,32.7707,1423.96703722,6596.70464401,307.37803684,3314.86030733
TRN-0600,14.0661,84.1703,25.8325,46.2828,11.8873,13.3135,14.1282,36.08,26.6367,1183.94785683,7084.63940209,197.85516921,3895.63716084
TRN-0029,21.3349,46.1014,34.2588,5.2606,12.5252,12.1878,16.1059,63.5447,18.5534,983.56875886,2125.33908196,455.17795801000005,242.52102484
TRN-0039,15.0679,82.3924,27.7559,53.5868,10.1403,19.8333,15.3618,57.5077,27.3712,1241.48044396,6788.50757776,227.04161041,4415.145060319999
TRN-0033,20.2632,93.7754,33.5299,33.6812,15.3049,16.2077,18.5165,72.5603,37.2946,1900.1896852800003,8793.825645160001,410.59727424000005,3158.46800248
TRN-0833,9.3932,15.4321,32.6449,7.6237,5.4199,5.5241,7.3907,47.3802,12.4673,144.95680172000002,238.14971041,88.23220624000001,117.64970077000001
TRN-0390,19.3037,86.3268,39.0552,48.9097,14.7924,15.7134,17.9805,22.1999,33.9185,1666.4266491600001,7452.316398240001,372.63283369,4222.21788996
TRN-0044,29.26,109.6202,29.7864,22.7548,20.2331,20.4709,24.7869,35.2815,52.5159,3207.487052,12016.58824804,856.1476000000001,2494.38572696
TRN-0452,19.0424,94.3785,41.6341,21.8384,14.7669,16.189,17.6107,47.4642,39.034,1797.1931484000002,8907.301262250001,362.61299776000004,2061.0754344
TRN-0228,10.1831,25.6679,37.4147,15.7114,6.1981,6.7544,8.0825,60.7987,13.6425,261.37879248999997,658.84109041,103.69552560999999,403.27864406
TRN-0432,10.4138,55.6913,32.6882,40.139,10.7131,2.667,10.4162,58.3703,15.8323,579.95805994,3101.5208956899996,108.44723044,2235.3930907
TRN-0898,26.7175,47.5673,35.3142,45.1466,16.3394,14.9931,21.1996,33.4623,21.6868,1270.87933775,2262.64802929,713.82480625,2147.50186618
TRN-0204,24.7316,43.7365,37.4064,31.1994,14.6743,13.4906,19.0906,60.7113,20.4819,1081.6736234,1912.88143225,611.65203856,1364.5525581
TRN-0121,19.018,17.826,43.742,43.2296,1.7456,10.1924,14.6032,35.4098,18.3173,339.01486800000004,317.766276,361.684324,770.6108495999999
TRN-0902,28.3028,73.1395,45.6515,57.1996,18.1078,17.6794,23.3092,41.0806,32.6957,2070.0526406,5349.38646025,801.0484878400001,4183.5501441999995
TRN-0183,30.8671,51.742,18.0,17.4126,18.049,15.8019,23.282,26.729,21.0361,1597.1254882,2677.234564,952.77786241,900.9627492
TRN-0634,13.8956,58.478,45.3235,55.4579,10.3178,11.3468,12.8722,68.3149,19.5508,812.5868968,3419.676484,193.08769936,3243.0670762000004
TRN-0378,21.3745,17.0531,38.5025,54.46,11.9475,10.3384,16.2741,42.3971,17.8967,364.50148595,290.80821961000004,456.86925025000005,928.7118260000001
TRN-0814,30.3615,58.1783,33.7793,29.3668,18.1696,16.7122,23.3428,41.7268,23.0081,1766.38045545,3384.71459089,921.82068225,1708.51050044
TRN-0396,30.3569,41.0262,28.9521,19.2467,16.9297,14.9258,22.1304,37.034,20.9096,1245.42825078,1683.1490864400002,921.5413776099999,789.6189635400001
TRN-0663,31.9783,109.3958,31.4348,44.0483,21.8455,21.4674,27.2844,44.6375,54.3652,3498.2917111399997,11967.441057639999,1022.61167089,4818.699017139999
TRN-0193,8.8136,104.1247,23.7841,53.9583,10.6197,13.0278,11.8825,66.9895,39.5565,917.71345592,10841.953150090001,77.67954495999999,5618.39180001
TRN-0163,26.8467,50.4581,37.9266,8.6355,15.6853,14.5305,20.1717,54.5794,20.7763,1354.63347327,2546.0198556100004,720.74530089,435.73092255000006
TRN-0951,16.8647,40.1412,23.5961,19.1775,10.2588,9.7996,13.1537,53.8028,15.8285,676.9692956399999,1611.3159374399997,284.41810609,769.8078629999999
TRN-0453,31.6677,82.2572,33.8737,25.2574,20.0473,19.1506,25.5127,65.8802,33.1281,2604.8963324399997,6766.246951839999,1002.84322329,2077.60300328
TRN-0247,30.139,68.3414,19.0017,23.2784,18.2733,16.743,23.1979,36.1587,22.9371,2059.7414545999995,4670.546953959999,908.3593209999999,1590.87844576
TRN-0892,20.9863,19.4037,37.8768,46.298,11.6783,10.6496,15.2556,31.9236,17.6804,407.21186931,376.50357369,440.42478769,898.3525026000001
TRN-0841,29.8949,91.0083,27.9446,15.6917,19.3979,18.9882,24.2031,42.8908,35.6834,2720.68402767,8282.510668890001,893.7050460099999,1428.07494111
TRN-0233,15.3672,38.6916,36.452,59.6472,6.9692,3.8644,12.7546,41.3043,17.8643,594.58155552,1497.0399105600002,236.15083584,2307.84560352
TRN-0896,16.8148,26.4401,32.9144,53.3421,10.6575,9.7959,13.985,46.5964,16.8823,444.58499348000004,699.07888801,282.73749904000005,1410.3704582100002
TRN-0572,9.7781,45.8148,36.6675,50.8468,7.8509,8.7594,9.9697,30.3101,16.5207,447.98169588,2098.99589904,95.61123961,2329.53597264
TRN-0377,25.8767,71.6325,26.5204,14.8354,16.5446,15.9533,20.6098,49.2504,24.5441,1853.61271275,5131.215056249999,669.6036028899999,1062.6967905
TRN-0402,20.3494,47.6153,20.0764,38.3104,14.6877,18.0815,16.1271,60.5635,17.3125,968.9427858199999,2267.21679409,414.09808036,1824.16118912
TRN-0692,21.0089,88.0631,36.4225,28.2623,24.9495,16.0915,18.8807,56.9598,33.5906,1850.10886159,7755.109581610001,441.37387921000004,2488.8657511300003
TRN-0524,26.783,33.5773,29.6182,6.2275,14.7745,13.1842,19.3179,34.1612,18.9352,899.3008259000001,1127.43507529,717.3290890000001,209.10263575000002
TRN-0686,17.2166,40.7619,36.5746,56.3485,10.9047,10.5972,13.8475,47.2079,17.7028,701.7813275399999,1661.5324916099999,296.41131556,2296.87192215
TRN-0479,19.153,39.1288,27.4245,59.066,14.4508,18.5147,15.8739,49.9218,18.1799,749.4339064,1531.06298944,366.8374089999999,2311.1817008
TRN-0731,13.9035,89.1543,36.5661,28.288,11.6396,13.7202,13.5417,53.827,31.8838,1239.55681005,7948.489208490001,193.30731224999997,2521.9968384000003
TRN-0099,20.2736,98.1302,26.7456,46.5455,15.4839,16.3896,19.0144,42.5996,38.4013,1989.45242272,9629.53615204,411.01885695999994,4567.5192240999995
TRN-0817,10.3326,92.2829,31.1727,49.2921,10.5226,12.7387,12.1273,45.9361,32.0033,953.52229254,8516.13363241,106.76262275999999,4548.81793509
TRN-0277,27.884,80.7621,35.9598,51.4908,18.1225,17.7811,22.8208,31.7943,32.0756,2251.9703964,6522.516796410001,777.517456,4158.5051386800005
TRN-0493,20.1257,27.8475,37.8216,40.1598,11.5988,10.7917,15.3087,48.7406,18.2107,560.45043075,775.48325625,405.0438004899999,1118.3500305
TRN-0726,20.0636,36.2696,21.0752,16.9709,11.9,10.664,15.1836,52.3788,16.4284,727.69874656,1315.48388416,402.54804496,615.52775464
TRN-0330,26.031,19.3516,38.3725,38.5153,13.8593,12.1453,18.3326,50.1899,19.5005,503.7414996,374.48442256000004,677.6129609999999,745.3326794800001
TRN-0117,23.1148,32.8453,34.0878,15.1929,13.1449,11.8919,17.2516,51.8169,18.1669,759.21254044,1078.81373209,534.29397904,499.01535837
TRN-0840,8.9498,57.5485,34.0731,6.2441,7.4276,8.9841,9.0359,49.734,15.7433,515.0475653,3311.8298522499995,80.09892004,359.33858885
TRN-0640,11.8036,103.8967,40.1589,32.5814,14.9657,18.8878,13.5683,61.162,44.2449,1226.35508812,10794.524270889999,139.32497296,3385.09994138
TRN-0576,9.2718,33.9917,26.1932,21.3669,6.3612,6.8259,8.2625,60.8207,12.9188,315.16424406000004,1155.4356688900002,85.96627524000002,726.2972547300001
TRN-0815,19.7839,44.4744,35.2429,41.0408,12.316,11.8512,16.0196,42.8264,18.7609,879.87708216,1977.9722553600002,391.40269921,1825.26495552
TRN-0048,14.4827,83.324,29.2952,44.22,12.0149,13.4732,14.4046,38.866,27.2094,1206.7564948,6942.888975999999,209.74859929,3684.5872799999997
TRN-0783,21.1949,108.7053,26.2056,47.5161,16.633,17.8845,20.0756,49.4543,48.7174,2303.99796297,11816.842248089999,449.22378601,5165.25190533
TRN-0632,31.9735,69.2267,37.9105,34.68,19.336,18.1544,24.6004,45.4908,29.468,2213.4198924499997,4792.335992889999,1022.3047022500001,2400.781956
TRN-0766,23.4755,92.6999,25.5168,7.1791,16.4879,16.7331,19.9848,48.9082,34.1003,2176.17650245,8593.27146001,551.09910025,665.50185209
TRN-0241,17.2696,76.3134,34.1474,6.8534,12.628,13.5151,15.3496,45.6354,25.6781,1317.9018926400001,5823.73501956,298.23908416,523.00625556
TRN-0810,23.8527,97.2547,35.4709,33.6235,17.4008,17.9167,21.4636,64.1445,41.3538,2319.78718269,9458.47667209,568.95129729,3270.04340545
TRN-0301,31.3955,107.7199,28.1927,21.7747,19.3311,28.0601,26.6706,41.9273,51.0155,3381.9201204499996,11603.576856009999,985.67742025,2345.56850653
TRN-0984,28.7539,86.5251,31.709,38.5884,19.0654,18.6212,23.9913,43.3456,34.1487,2487.93407289,7486.592930009999,826.7867652100001,3338.86516884
TRN-0054,30.4531,88.0644,32.0545,34.9604,19.8072,19.2231,24.8046,80.5923,35.5919,2681.83397964,7755.338547360001,927.3912996099999,3078.7666497600003
TRN-0866,10.0427,38.7344,30.3281,48.4402,0.0,7.9897,9.259,30.3878,14.4958,388.99795888,1500.35374336,100.85582329,1876.30208288
TRN-0180,16.0409,26.3495,35.8273,56.5978,9.5647,9.0462,12.8008,33.9355,16.4986,422.66969455,694.29615025,257.31047281,1491.3237311
TRN-0832,26.5757,84.5292,46.3478,32.8302,17.8573,17.963,22.2743,74.1483,37.7818,2246.42266044,7145.185652640001,706.26783049,2775.1105418399998
TRN-0979,9.6624,74.2431,42.9247,42.6739,9.1369,11.4155,10.8367,67.7177,25.671,717.36652944,5512.03789761,93.36197376,3168.2426250900003
TRN-0070,27.0056,63.4253,35.9462,35.4084,16.9847,16.1667,21.572,53.3195,27.8043,1712.8382816800001,4022.76868009,729.30243136,2245.78839252
TRN-0169,15.1614,82.0274,25.1007,7.2104,11.8337,13.0679,14.1548,62.8403,24.6253,1243.65022236,6728.49435076,229.86804996,591.45036496
TRN-0599,19.5873,19.6865,35.3793,12.1957,10.6163,9.7921,14.0789,51.5171,16.4383,385.60538145,387.55828224999993,383.66232128999997,240.09064805
TRN-0998,21.6903,73.4161,34.7918,25.7828,14.9436,15.1886,18.7858,31.6359,26.9214,1592.41723383,5389.92373921,470.46911409,1892.87262308
TRN-0016,19.1531,67.5403,44.1923,16.6557,12.8284,13.5424,15.9988,42.3271,27.0879,1293.60611993,4561.69212409,366.84123960999995,1124.93097471
TRN-0314,17.1067,61.6249,24.8072,10.2851,11.5329,11.9072,14.219,51.8342,17.309,1054.1986768299998,3797.6283000099997,292.63918489,633.81825899
TRN-0628,17.3905,47.9269,26.7059,58.6967,11.6212,11.3781,15.0085,44.1,17.744,833.47275445,2296.9877436100005,302.42949024999996,2813.15087123
TRN-0586,9.8497,48.8292,49.9941,41.9037,8.1285,9.5477,10.1542,69.9002,21.5495,480.95297124,2384.29077264,97.01659009000001,2046.1241480400001
TRN-0145,29.3082,105.8771,43.4125,9.8873,19.8704,20.2378,24.6602,46.3785,52.9031,3103.06722222,11209.96030441,858.97058724,1046.83865083
TRN-0370,27.8564,48.3216,33.5844,18.1832,16.3613,14.9818,20.9924,31.3304,21.3731,1346.06581824,2334.9770265599996,775.9790209600001,878.6413171199999
TRN-0122,31.8857,49.6381,38.1437,28.7934,18.1299,16.4775,23.5738,47.1112,23.0595,1582.74556517,2463.9409716100004,1016.69786449,1429.24966854
TRN-0374,23.1221,109.7203,46.3794,39.7795,17.8087,19.0765,21.4412,50.6761,57.1092,2536.96374863,12038.544232089998,534.63150841,4364.61867385
TRN-0878,13.9113,105.5919,33.6955,36.2678,10.5031,20.7532,15.6068,41.2921,45.3496,1468.92059847,11149.64934561,193.52426769000002,3829.5859108199998
TRN-0847,10.5879,24.4649,37.1274,49.8712,6.8628,7.1306,8.9615,28.1238,14.8242,259.03191470999997,598.53133201,112.10362640999999,1220.09392088
TRN-0540,31.2972,94.3311,29.0551,52.1742,20.9992,20.3502,26.3378,36.4869,39.5278,2952.29930292,8898.356427210001,979.51472784,4921.64967762
TRN-0808,9.5961,62.7447,45.4544,7.0814,13.62775,10.0403,9.9205,53.4667,23.8244,602.10441567,3936.89737809,92.08513521,444.32031858000005
TRN-0886,9.5103,41.0171,26.1524,39.0628,7.2008,7.5552,8.7786,40.1126,14.0527,390.08492613000004,1682.40249241,90.44580609000002,1602.2427738800002
TRN-0510,27.9197,27.1864,27.2906,49.5003,15.25,13.1347,20.14,44.8598,19.6898,759.0361320799999,739.1003449599999,779.5096480899999,1345.73495592
TRN-0418,11.9313,52.7544,42.8991,27.5887,8.9263,9.9342,11.1392,55.1761,17.4674,629.4285727199999,2783.02671936,142.35591969,1455.42531528
TRN-0850,13.3815,37.7292,31.756,45.366,9.0567,9.3006,11.7747,78.4565,16.029,504.8732898,1423.4925326399998,179.06454225000002,1711.6228872
TRN-0532,26.879,60.1489,22.0906,13.677,16.0546,14.7739,20.373,64.638,20.069,1616.7422831000001,3617.8901712099996,722.4806410000001,822.6565052999999
TRN-0361,27.8914,24.7733,29.776,10.3938,14.7921,12.5916,19.7028,52.313,18.6118,690.96201962,613.71639289,777.93019396,257.48872554
TRN-0161,16.1451,82.5904,26.857,31.5841,12.7468,13.7874,15.18,73.8668,26.1738,1333.43026704,6821.17417216,260.66425401,2608.54345264
TRN-0110,24.5955,66.6176,38.2375,53.1687,16.1615,15.8666,20.7128,41.1122,27.8569,1638.4931808,4437.90462976,604.9386202500001,3541.97118912
TRN-0175,12.5344,101.6442,32.2129,53.5995,12.1063,14.2966,14.2216,49.4543,40.8855,1274.04906048,10331.54339364,157.11118335999998,5448.0782979
TRN-0616,20.4904,26.5967,26.2294,14.7813,11.3379,9.9378,14.7259,55.1477,16.6078,544.97702168,707.3844508899999,419.85649216,393.13380171
TRN-0119,15.6102,75.703,26.1544,13.7047,11.7033,12.5963,13.9901,50.7214,22.7052,1181.7389706000001,5730.944209,243.67834404,1037.4869041000002
TRN-0635,28.8943,84.908,34.2153,18.1794,18.634,18.1477,23.4368,56.8268,33.4142,2453.3572244,7209.368464,834.8805724900001,1543.5764952000002
TRN-0278,15.1906,103.8022,32.8666,43.5159,13.434,15.3229,15.801,70.573,43.6644,1576.81769932,10774.89672484,230.75432836,4517.04615498
TRN-0225,27.9293,38.0633,39.1615,20.9747,18.3877,21.4138,20.7639,64.6651,21.316,1063.08132469,1448.8148068899998,780.04579849,798.3662985099999
TRN-0959,29.2834,96.4813,26.6221,29.2271,19.7453,19.3891,24.716,44.6016,39.9414,2825.3005004200004,9308.641249690001,857.51751556,2819.86860323
TRN-0349,26.5322,71.4206,39.4889,58.2879,23.7994,17.0447,22.0266,49.1332,29.6685,1894.9456433199998,5100.902104359999,703.95763684,4162.95679074
TRN-0159,11.4085,75.1307,29.9009,40.9165,9.9183,11.561,11.6384,20.9754,22.5737,857.1285909500001,5644.622082490001,130.15387225,3074.08528655
TRN-0032,9.6771,40.9333,42.7255,56.3017,7.5451,8.5237,9.7694,29.2837,16.8355,396.11563743,1675.5350488900003,93.64626440999999,2304.61437661
TRN-0344,9.1303,20.5699,37.6841,25.2845,5.7455,6.2235,7.4901,51.5441,13.3281,187.80935797,423.12078601,83.36237809,520.09963655
TRN-0391,14.6069,39.0401,34.8904,19.468,9.4995,9.5566,11.9096,63.8012,16.4488,570.25483669,1524.1294080100001,213.36152761,760.0326668
TRN-0651,16.53,103.9792,43.4328,46.9103,14.2198,16.2414,17.0286,37.4711,46.9167,1718.7761760000003,10811.674032640001,273.2409,4877.69546576
TRN-0538,31.3956,65.9954,44.7277,20.6592,18.6968,17.6704,24.1282,24.3526,31.1325,2071.9651802400003,4355.3928211600005,985.6836993600001,1363.41216768
TRN-0264,8.8333,97.192,40.8705,59.4113,10.141,12.7958,11.5139,62.4186,38.2856,858.5260935999999,9446.284864,78.02718888999999,5774.3030696
TRN-0804,25.5109,94.6061,39.9882,26.6325,17.7896,18.352,22.0215,48.7888,41.155,2413.48675649,8950.31415721,650.80601881,2519.59695825
TRN-0875,11.8252,52.265,18.0,26.9784,8.6729,9.2711,10.5035,55.0555,14.5475,618.044078,2731.630225,139.83535504000002,1410.026076
TRN-0179,13.3176,109.6532,40.8517,50.3689,12.994,15.6239,15.2389,55.4972,51.3991,1460.31745632,12023.82427024,177.35846976000002,5523.1110654799995
TRN-0664,27.1883,36.0978,23.5129,49.3863,15.2966,13.4176,19.7864,44.9089,19.4155,981.43781574,1303.05116484,739.20365689,1782.7367801399998
TRN-0848,23.3547,85.3049,34.0201,57.2993,16.2814,16.6584,20.1503,56.7314,32.1656,1992.2703480300002,7276.925964010001,545.44201209,4887.91105657
TRN-0319,20.7606,77.2405,28.7917,13.6383,14.1857,14.6874,17.3806,53.6133,25.6472,1603.5591243,5966.09484025,431.00251236,1053.42911115
TRN-0897,11.6323,73.824,34.9155,48.3119,10.4622,11.8497,12.5183,54.2381,24.3359,858.7429152000001,5449.982975999999,135.31040329,3566.5777056
TRN-0617,15.1971,52.9502,39.526,51.7112,11.2222,11.7197,14.243,74.3364,19.2716,804.6894844200001,2803.72368004,230.95184841000003,2738.11838224
TRN-0066,25.2849,50.1209,35.0471,10.259,14.9101,14.074,19.4972,36.2356,20.1216,1267.30194441,2512.1046168099997,639.3261680100001,514.1903131
TRN-0329,15.2564,63.7462,31.7923,10.5219,10.7028,11.4641,13.1068,58.1291,21.3423,972.5375256799999,4063.57801444,232.75774095999998,670.73114178
TRN-0512,13.4272,55.4707,35.9373,17.5331,9.7561,10.4939,12.1206,55.9888,20.0655,744.8161830399999,3076.99855849,180.28969983999997,972.5733301700001
TRN-0559,26.2772,84.5838,38.358,28.6853,17.5264,17.5087,21.6766,74.9606,34.3654,2222.62542936,7154.419222439999,690.49123984,2426.31167814
TRN-0843,23.3537,79.7753,25.0997,53.661,16.2534,16.1519,19.9649,35.1917,27.2341,1863.04842361,6364.09849009,545.39530369,4280.8223733
TRN-0080,29.3998,97.6878,34.4117,41.896,19.8876,19.9085,24.822,54.2529,43.3474,2872.0017824399997,9542.906268839999,864.34824004,4092.7280688
TRN-0401,26.451,76.411,34.296,47.7037,17.666,17.209,13.7836,54.1006,30.3139,2021.147361,5838.640921,699.655401,3645.0874206999997
TRN-0384,16.7072,31.9859,25.408,37.7306,10.1169,9.5467,13.0626,50.9706,15.7683,534.39482848,1023.0977988100001,279.13053184,1206.8471985400001
TRN-0047,29.1083,58.7199,37.1572,10.9987,17.5282,16.4304,22.4226,49.4021,23.1457,1709.23646517,3448.0266560100004,847.2931288899999,645.84256413
TRN-0938,26.2329,96.5506,33.0648,48.832,18.6651,18.7209,22.8946,34.729,41.4065,2532.80223474,9322.01836036,688.1650424100001,4714.7588992
TRN-0724,16.1649,103.2809,29.1169,27.8213,14.339,15.9315,17.0601,64.6338,42.3237,1669.52542041,10666.94430481,261.30399201,2873.40890317
TRN-0089,31.414,88.8354,24.8395,59.5524,28.5205,19.4702,25.3351,33.2402,34.707,2790.6752556,7891.728293160001,986.8393960000001,5290.361274960001
TRN-0114,24.4427,39.5791,50.9417,13.3518,14.191,13.5804,18.7265,56.7296,26.4238,967.4200675699999,1566.5051568099998,597.44558329,528.45222738
TRN-0748,25.3016,95.0191,43.6434,59.1909,18.1013,18.3361,22.5789,47.7604,42.7271,2404.13526056,9028.629364809998,640.17096256,5624.2660461899995
TRN-0459,13.0534,103.6735,32.3023,13.9118,12.2147,14.3912,14.2445,41.7232,41.8715,1353.2916649000001,10748.194602250001,170.39125156,1442.2849973
TRN-0223,28.7214,66.8864,52.6266,35.0011,18.1509,17.5824,23.3627,63.4231,40.5369,1921.0710489599999,4473.790504959999,824.91881796,2341.09757504
TRN-0851,19.5142,22.8595,42.4082,21.103,11.1408,10.0973,14.9382,77.6634,17.5099,446.0848549,522.5567402500001,380.80400163999997,482.40402850000004
TRN-0582,26.0201,21.9729,49.4476,50.2003,14.1856,12.9194,19.0732,59.4491,24.3289,571.73705529,482.80833441,677.0456040099999,1103.0461718699999
TRN-0007,29.2042,18.0618,43.0245,8.0414,15.1344,12.9107,20.4836,61.0351,20.2753,527.4804195600001,326.22861924000006,852.88529764,145.24215852
TRN-0947,31.0368,95.4489,32.3525,9.5897,20.0135,19.7332,24.8781,55.2816,40.6902,2962.42841952,9110.492511209999,963.28295424,915.32631633
TRN-0556,31.1222,48.7828,21.2304,44.2287,18.461,16.124,23.7059,52.5012,21.8063,1518.22805816,2379.76157584,968.59133284,2157.5998263600004
TRN-0006,18.8185,104.2809,38.6618,41.1927,15.2872,16.8364,18.3224,27.0816,46.7583,1962.41011665,10874.50610481,354.13594225,4295.61182943
TRN-0036,16.9204,43.4907,39.3973,33.6326,10.7918,10.9189,13.9573,28.7296,18.2157,735.88004028,1891.4409864899997,286.29993616,1462.7053168199998
TRN-0655,21.322,83.0772,45.3964,35.2913,15.2434,15.9841,19.0301,67.443,34.4756,1771.3720584,6901.821159840001,454.627684,2931.9023883600003
TRN-0419,8.5951,98.1424,45.6516,9.1583,9.5852,12.6494,10.9585,63.7497,39.859,843.54374224,9631.93067776,73.87574401,898.81754192
TRN-0800,19.7012,86.7513,31.5115,52.1103,14.9638,15.6935,18.3355,37.307,31.5476,1709.10471156,7525.78805169,388.13728144,4520.636268390001
TRN-0298,18.1743,69.2155,40.5882,54.384,13.1973,13.8308,16.659,68.1312,26.9194,1257.94326165,4790.785440250001,330.30518048999994,3764.2157520000005
TRN-0146,11.0542,26.6928,44.529,46.8693,7.4141,7.7295,9.7895,38.8963,15.9725,295.06754975999996,712.5055718399999,122.19533763999999,1251.07285104
TRN-0074,30.0968,32.2241,35.629,38.7023,16.5086,5.949,22.018,41.9803,21.1645,969.8422928800001,1038.39262081,905.8173702400001,1247.1467854300001
TRN-0358,21.9169,69.2729,27.4127,57.3516,23.2412,14.8395,18.8472,57.6618,24.2571,1518.24722201,4798.734674410001,480.3505056099999,3972.9116516400004
TRN-0521,30.8301,49.2877,22.913,21.7955,17.7515,15.7744,22.803,47.6397,21.1624,1519.54471977,2429.2773712900002,950.4950660100001,1074.25006535
TRN-0598,21.3932,55.3268,23.3942,48.6738,14.2356,13.521,18.1062,32.255,19.6008,1183.61729776,3061.05479824,457.66900624,2692.96559784
TRN-0242,30.3616,64.6342,31.7954,28.9432,18.6656,17.155,23.9571,62.4181,26.6204,1962.3977267200003,4177.579809640001,921.8267545599999,1870.7205774400002
TRN-0285,17.7964,18.2136,35.4373,55.6627,10.1469,9.1725,13.6656,68.1464,16.6974,324.13651103999996,331.73522496,316.71185295999993,1013.81815272
TRN-0786,11.544,102.3093,38.2807,43.7299,11.7398,14.1771,13.633,64.3894,42.5382,1181.0585592,10467.192866489999,133.263936,4473.97545807
TRN-0976,24.2635,37.3892,33.5862,45.49,14.1304,12.7538,18.4596,45.4709,19.2066,907.1928542,1397.9522766400003,588.71743225,1700.834708
TRN-0467,28.4198,43.3529,39.5156,49.0356,16.6095,14.8325,21.9299,57.9675,22.49,1232.0807474199999,1879.4739384099998,807.6850320399999,2125.83546324
TRN-0186,22.8272,95.3947,34.7263,28.3226,16.8659,17.4628,20.8694,32.5902,39.037,2177.59389584,9100.14878809,521.0810598400001,2701.82593022
TRN-0592,22.821,20.5096,25.9169,35.7305,12.4104,10.5864,16.6569,55.5549,16.7186,468.0495816,420.64369215999994,520.798041,732.8182628
TRN-1000,26.6318,52.237,18.0,19.3886,15.6335,14.2114,19.7274,53.1397,19.2422,1391.1653366,2728.704169,709.2527712399999,1012.8022982
TRN-0852,27.0525,96.1578,35.4219,5.1608,18.2324,18.3623,22.7426,49.4543,40.6205,2601.3088844999997,9246.322500839999,731.8377562499999,496.25117423999995
TRN-0955,26.4383,82.8779,55.0,30.3299,17.6575,18.2482,22.4962,52.7821,49.6297,2191.15078357,6868.746308409999,698.9837068900001,2513.67841921
TRN-0125,19.6803,26.1334,47.9709,25.1259,11.2459,10.6531,14.9109,48.4915,20.6012,514.31315202,682.9545955600001,387.31420808999997,656.6251950600001
TRN-0570,28.9539,53.4652,32.5587,57.3032,9.9563,16.426,22.727,59.2031,22.9629,1548.0260542800002,2858.5276110400005,838.32832521,3063.72704864
TRN-0189,28.0795,87.7125,35.8628,8.9414,18.1591,18.0504,22.5456,39.2104,35.0691,2462.9231437500002,7693.482656250001,788.4583202499999,784.2725475000001
TRN-0470,13.4852,26.4721,36.3935,26.4129,8.1837,8.2053,10.4649,77.6793,15.044,356.98156292000004,700.7720784100001,181.85061904000003,699.2049300900001
TRN-0003,31.005,101.7031,29.9077,29.4333,20.8706,20.494,25.705,51.6998,45.8035,3153.3046155,10343.52054961,961.3100249999999,2993.45785323
TRN-0442,30.6434,53.8376,32.1864,19.2467,17.7871,16.0427,22.9994,67.4393,22.3594,1649.76711184,2898.48717376,939.01796356,1036.19613592
TRN-0716,8.1937,31.9047,40.42,53.7509,6.1854,7.2116,7.7697,55.6906,14.421,261.41754039,1017.9098820899999,67.13671968999999,1714.90633923
TRN-0678,22.2523,57.734,28.2572,33.8496,14.4608,13.6746,18.2936,45.7141,19.8362,1284.7142882,3333.2147560000003,495.1648552900001,1954.2728064000003
TRN-0978,29.6916,34.0954,36.4183,7.569,16.4078,14.5572,21.9698,77.4425,20.8658,1012.34697864,1162.4963011599998,881.5911105600001,258.06808259999997
TRN-0350,21.452,28.3591,30.3015,6.641,11.9595,10.8367,15.791,59.1218,17.1638,608.3594132000001,804.2385528100001,460.1883040000001,188.3327831
TRN-0924,16.0857,15.5071,28.7113,49.5399,8.8379,7.913,11.7744,40.6311,14.9855,249.44255846999997,240.47015040999997,258.74974448999996,768.22018329
TRN-0918,22.5775,45.7229,27.6436,22.427,13.62775,12.7552,17.5525,48.2208,18.8499,1032.30877475,2090.58358441,509.74350625000005,1025.4274783
TRN-0552,31.7367,93.174,36.9449,26.5721,21.0587,20.5685,26.6096,49.686,40.9406,2957.0352858,8681.394276,1007.2181268899999,2475.8288454
TRN-0999,17.3189,39.7274,22.4561,25.1758,10.7576,10.0099,13.8466,61.3193,15.8237,688.0348678600001,1578.2663107600001,299.94429721,1000.1690769200001
TRN-0444,22.1475,17.4918,48.452,25.6791,11.9534,10.9397,16.1779,39.0296,21.4587,387.39964050000003,305.96306724000004,490.51175625,449.17368138
TRN-0118,17.225,17.998,31.2125,18.4846,13.2507,2.3372,12.8889,33.3767,15.7524,310.01555,323.92800400000004,296.70062500000006,332.6858308
TRN-0950,13.3577,103.8261,34.66,27.5427,12.3709,14.5408,24.5374,70.1512,42.9187,1386.8778959699998,10779.85904121,178.42814929,2859.65112447
TRN-0642,26.0234,20.5917,25.5081,18.3233,14.0169,19.2132,18.5738,72.7639,17.9536,535.8660457799999,424.01810888999995,677.2173475599999,377.30789661
TRN-0953,25.3769,64.1776,55.0,36.5896,16.4129,16.417,21.1623,46.4387,43.8394,1628.62853744,4118.76434176,643.98705361,2348.23271296
TRN-0821,22.0135,69.1617,44.4028,12.3592,14.6651,15.0965,18.624,64.6883,28.3474,1522.49108295,4783.3407468899995,484.59418225,854.7832826399999
TRN-0487,21.9062,62.304,32.0312,24.7918,14.2662,14.1283,18.2479,36.3827,23.6253,1364.8438847999998,3881.7884160000003,479.88159843999995,1544.6283071999999
TRN-0871,29.6718,78.684,39.5392,15.528,18.6499,18.1576,23.9128,45.0982,32.4221,2334.6959112,6191.171856,880.41571524,1221.805152
TRN-0683,21.9239,53.253,38.5191,9.8962,17.3202,7.0374,17.6327,39.7699,20.5016,1167.5134467,2835.882009,480.65739121,527.0023386
TRN-0555,28.8941,48.0674,24.3217,27.9187,16.9022,14.9453,22.1869,31.0964,20.6918,1388.86426234,2310.47494276,834.8690148100001,1341.97932038
TRN-0085,11.2378,16.8026,28.0457,14.052,6.7369,6.2907,9.02,61.471,12.9026,188.82425828,282.3273667600001,126.28814884,236.11013520000003
TRN-0685,31.8763,87.9656,35.5841,42.6868,20.5022,19.7731,25.75,52.2359,37.7807,2804.01785528,7737.946783359999,1016.09850169,3754.9699740799997
TRN-0888,29.1316,87.2646,32.8035,33.0805,21.8279,24.0598,24.2703,61.1365,35.2834,2542.1574213599997,7615.1104131600005,848.6501185599999,2886.7566003
TRN-0609,28.7022,49.8082,35.574,32.2327,16.4982,15.1114,21.3608,42.7087,21.5634,1429.60491804,2480.85678724,823.8162848400001,1605.45276814
TRN-0182,28.9134,69.877,35.6098,49.2626,18.3843,17.4357,23.2013,41.1466,28.8087,2020.3816517999999,4882.795128999999,835.98469956,3442.3227002
TRN-0211,29.5815,96.4859,33.6394,22.865,19.5361,19.4533,24.3634,21.8384,41.8311,2854.1976508499997,9309.52889881,875.0651422499999,2206.1501034999997
TRN-0574,26.7868,108.7878,45.2297,26.2494,19.1576,20.2134,23.4315,52.4351,56.3026,2914.07704104,11834.785428840001,717.5326542399999,2855.6144773200003
TRN-0648,12.2535,84.2097,34.1778,23.3351,10.7455,12.535,12.8661,49.7019,27.754,1031.86355895,7091.27357409,150.14826225000002,1965.04177047
TRN-0665,10.6599,55.4415,45.4533,57.3204,8.7772,10.33,10.7495,50.0292,15.8353,591.00084585,3073.75992225,113.63346801,3177.9289565999998
TRN-0966,10.2322,24.649,29.244,29.8759,6.378,6.8095,8.3687,35.6748,13.3057,252.21349780000003,607.573201,104.69791684000002,736.4110591000001
TRN-0064,29.9458,73.9712,26.1227,21.0852,18.5312,17.6543,23.3809,46.6224,26.9808,2215.12676096,5471.738429439999,896.75093764,1559.6975462399998
TRN-0499,16.3503,36.5196,38.889,45.5942,10.4687,9.9585,24.1552,37.4683,17.1232,597.10641588,1333.6811841599997,267.33231009,1665.0819463199998
TRN-0334,14.8769,107.2819,28.9216,39.1291,13.3181,15.2609,15.5173,60.8696,45.5134,1596.02209811,11509.406067609998,221.32215361,4197.84419329
TRN-0352,10.5874,42.421,34.8628,33.0266,7.567,8.2445,9.545,51.1579,15.1699,449.1280954,1799.541241,112.09303876000001,1401.0213986
TRN-0448,30.1259,65.5198,38.2584,11.9638,18.4846,17.4073,23.6323,39.9026,28.5721,1973.8429428200002,4292.84419204,907.56985081,783.8657832400002
TRN-0701,8.0832,102.2184,27.279,41.7623,9.837,12.5588,11.2025,50.148,38.0511,826.25177088,10448.601298560001,65.33812223999999,4268.87548632
TRN-0077,28.6141,92.9727,24.1137,57.8035,1.0,18.8709,24.1812,38.1393,36.4665,2660.3301350700003,8643.92294529,818.76671881,5374.14746445
TRN-0900,14.0411,33.1688,32.8892,5.0829,8.7505,8.8766,11.533,55.739,15.1575,465.72643767999995,1100.1692934399998,197.15248921,168.59369352
TRN-0034,11.1801,81.6207,24.0033,51.6781,10.9195,12.251,12.6476,57.4131,23.8279,912.52758807,6661.93866849,124.99463601,4218.00269667
TRN-0239,16.2927,22.5266,18.0,56.5085,9.3918,8.2446,12.2663,53.6154,14.4998,367.01913582,507.4477075599999,265.45207329,1272.9443760999998
TRN-0535,26.1926,94.0394,24.7273,10.6431,17.7601,8.933,21.8885,29.1698,35.5601,2463.13638844,8843.40875236,686.0522947599999,1000.8707381400001
TRN-0373,22.3964,35.4825,35.1415,9.346,13.1843,12.0804,17.3384,57.9593,18.6685,794.6802630000001,1259.0078062500002,501.59873296,331.61944500000004
TRN-0539,9.3981,58.666,37.814,54.2995,7.9371,9.6094,9.7017,51.1548,16.8214,551.3489345999999,3441.6995559999996,88.32428361,3185.534467
TRN-0141,16.714,29.6168,30.5975,6.9082,9.8028,9.156,12.851,54.5636,15.9219,495.0151952,877.1548422400001,279.35779599999995,204.59877776000002
